mean;std;skew;kurt;RMS;crest;freq_peak;shan;perm;temp;tohn/hour
0.025639011;0.946336018;-0.034894549;-1.491265141;0.946673812;0.888424013;526.0105202;9.584955456;1.000464012;21.14;3.49
0.025639011;0.946336018;-0.034894549;-1.491265141;0.946673812;0.888424013;526.0105202;9.584955456;1.000464012;21.14;3.49
0.016855939;0.952439473;-0.037337798;-1.504433996;0.952579094;0.943466605;530.0106002;9.402717922;0.991087506;21.14;3.49
0.016855939;0.952439473;-0.037337798;-1.504433996;0.952579094;0.943466605;530.0106002;9.402717922;0.991087506;21.14;3.49
0.031997741;0.972589729;-0.056115834;-1.546518319;0.973106221;0.921599587;256.0051201;9.020444095;0.973701278;21.14;3.56
0.031997741;0.972589729;-0.056115834;-1.546518319;0.973106221;0.921599587;256.0051201;9.020444095;0.973701278;21.14;3.56
0.022680173;0.964257813;-0.033569199;-1.531398738;0.964514865;0.907347823;528.0105602;9.278093201;0.994945917;21.14;3.56
0.022680173;0.964257813;-0.033569199;-1.531398738;0.964514865;0.907347823;528.0105602;9.278093201;0.994945917;21.14;3.56
0.02322516;0.973511887;-0.036955637;-1.554376139;0.973779158;0.894119043;530.0106002;9.157647059;0.984305595;21.14;3.55
0.02322516;0.973511887;-0.036955637;-1.554376139;0.973779158;0.894119043;530.0106002;9.157647059;0.984305595;21.14;3.55
0.021825002;0.964509424;-0.032711021;-1.533290271;0.964746679;0.872991959;528.0105602;9.30212786;0.996612521;21.14;3.55
0.021825002;0.964509424;-0.032711021;-1.533290271;0.964746679;0.872991959;528.0105602;9.30212786;0.996612521;21.14;3.55
0.026212449;0.960616514;-0.059941945;-1.518278941;0.960964475;0.901958346;530.0106002;9.277085696;0.99570469;21.15;3.52
0.026212449;0.960616514;-0.059941945;-1.518278941;0.960964475;0.901958346;530.0106002;9.277085696;0.99570469;21.15;3.52
0.052370203;0.991082573;-0.104754683;-1.583963773;0.992455369;0.911980915;528.0105602;8.82521412;0.951857346;21.15;3.52
0.052370203;0.991082573;-0.104754683;-1.583963773;0.992455369;0.911980915;528.0105602;8.82521412;0.951857346;21.15;3.52
0.023618535;0.98130317;-0.053709539;-1.561544955;0.98157755;0.911121955;528.0105602;8.849267268;0.962345706;21.15;3.52
0.023618535;0.98130317;-0.053709539;-1.561544955;0.98157755;0.911121955;528.0105602;8.849267268;0.962345706;21.15;3.52
0.027586795;0.971400748;-0.051161693;-1.554956214;0.971782677;0.902697046;526.0105202;9.239816873;0.987025683;21.15;3.52
0.027586795;0.971400748;-0.051161693;-1.554956214;0.971782677;0.902697046;526.0105202;9.239816873;0.987025683;21.15;3.52
0.033807573;0.963236992;-0.068791917;-1.525781005;0.96382047;0.892940302;262.0052401;9.268827847;0.985503384;21.16;3.49
0.033807573;0.963236992;-0.068791917;-1.525781005;0.96382047;0.892940302;262.0052401;9.268827847;0.985503384;21.16;3.49
0.03067682;0.960430882;-0.05810696;-1.51997726;0.960911077;0.904726078;530.0106002;9.311781221;0.991783669;21.16;3.49
0.03067682;0.960430882;-0.05810696;-1.51997726;0.960911077;0.904726078;530.0106002;9.311781221;0.991783669;21.16;3.49
0.017890564;0.972788447;-0.032780384;-1.547791733;0.97294322;0.896878352;346.0069201;9.078965216;0.980966523;21.16;3.52
0.017890564;0.972788447;-0.032780384;-1.547791733;0.97294322;0.896878352;346.0069201;9.078965216;0.980966523;21.16;3.52
0.005899287;0.974498773;-0.006012928;-1.552267916;0.974506884;0.917214287;528.0105602;9.023029078;0.976751896;21.16;3.52
0.005899287;0.974498773;-0.006012928;-1.552267916;0.974506884;0.917214287;528.0105602;9.023029078;0.976751896;21.16;3.52
0.022284622;0.981715295;-0.039013482;-1.562769489;0.981958374;0.919704463;526.0105202;8.862315466;0.972425511;21.16;3.54
0.022284622;0.981715295;-0.039013482;-1.562769489;0.981958374;0.919704463;526.0105202;8.862315466;0.972425511;21.16;3.54
0.018349341;0.976003824;-0.047362729;-1.550967097;0.976166539;0.91669695;528.0105602;8.946836707;0.983304637;21.16;3.54
0.018349341;0.976003824;-0.047362729;-1.550967097;0.976166539;0.91669695;528.0105602;8.946836707;0.983304637;21.16;3.54
0.018086277;0.98329484;-0.032994048;-1.573566852;0.98345133;0.887176495;528.0105602;8.924128187;0.98751375;21.16;3.54
0.018086277;0.98329484;-0.032994048;-1.573566852;0.98345133;0.887176495;528.0105602;8.924128187;0.98751375;21.16;3.54
0.012052813;0.991208083;-0.014492955;-1.587118191;0.991271448;0.899501824;528.0105602;8.719721681;0.960969535;21.16;3.54
0.012052813;0.991208083;-0.014492955;-1.587118191;0.991271448;0.899501824;528.0105602;8.719721681;0.960969535;21.16;3.54
0.038316657;0.979803035;-0.066024291;-1.554991327;0.980542173;0.900227057;530.0106002;8.868169918;0.974251922;21.17;3.5
0.038316657;0.979803035;-0.066024291;-1.554991327;0.980542173;0.900227057;530.0106002;8.868169918;0.974251922;21.17;3.5
0.031502482;0.994176013;-0.059750724;-1.593150752;0.994665061;0.925956411;530.0106002;8.707493143;0.960185541;21.17;3.5
0.031502482;0.994176013;-0.059750724;-1.593150752;0.994665061;0.925956411;530.0106002;8.707493143;0.960185541;21.17;3.5
0.030357494;0.992822049;-0.055211995;-1.589205364;0.993276137;0.917154374;528.0105602;8.690546359;0.959438345;21.18;3.5
0.030357494;0.992822049;-0.055211995;-1.589205364;0.993276137;0.917154374;528.0105602;8.690546359;0.959438345;21.18;3.5
0.035274116;0.97901319;-0.064317328;-1.559345407;0.979638668;0.907200735;528.0105602;8.941488465;0.978795412;21.18;3.5
0.035274116;0.97901319;-0.064317328;-1.559345407;0.979638668;0.907200735;528.0105602;8.941488465;0.978795412;21.18;3.5
0.047075472;0.999353865;-0.080874096;-1.599085537;1.000452035;0.925548555;260.0052001;8.527619171;0.947357447;21.18;3.51
0.047075472;0.999353865;-0.080874096;-1.599085537;1.000452035;0.925548555;260.0052001;8.527619171;0.947357447;21.18;3.51
0.033582539;0.984416547;-0.055552446;-1.566818937;0.984979362;0.916737979;530.0106002;8.780799968;0.96704908;21.18;3.51
0.033582539;0.984416547;-0.055552446;-1.566818937;0.984979362;0.916737979;530.0106002;8.780799968;0.96704908;21.18;3.51
0.024385729;0.990253625;-0.051210567;-1.586913422;0.990543938;0.909329214;528.0105602;8.77679851;0.977270772;21.18;3.51
0.024385729;0.990253625;-0.051210567;-1.586913422;0.990543938;0.909329214;528.0105602;8.77679851;0.977270772;21.18;3.51
0.035648539;0.993771267;-0.057208119;-1.589065908;0.994400522;0.922582783;270.0054001;8.624575171;0.970156165;21.18;3.51
0.035648539;0.993771267;-0.057208119;-1.589065908;0.994400522;0.922582783;270.0054001;8.624575171;0.970156165;21.18;3.51
0.038807514;1.015236013;-0.065067965;-1.629640043;1.015967308;0.935208498;530.0106002;8.19355347;0.919014539;21.18;3.53
0.038807514;1.015236013;-0.065067965;-1.629640043;1.015967308;0.935208498;530.0106002;8.19355347;0.919014539;21.18;3.53
0.023227166;0.97921327;-0.034894224;-1.560239182;0.979478919;0.919225771;530.0106002;8.91001227;1.00163507;21.18;3.53
0.023227166;0.97921327;-0.034894224;-1.560239182;0.979478919;0.919225771;530.0106002;8.91001227;1.00163507;21.18;3.53
0.050134822;1.001962626;-0.085672156;-1.606815103;1.003206123;0.909022;528.0105602;8.552533705;0.961488652;21.19;3.53
0.050134822;1.001962626;-0.085672156;-1.606815103;1.003206123;0.909022;528.0105602;8.552533705;0.961488652;21.19;3.53
0.036830656;0.991762228;-0.062639205;-1.587545859;0.992435964;0.90648286;528.0105602;8.700891448;0.97834587;21.19;3.53
0.036830656;0.991762228;-0.062639205;-1.587545859;0.992435964;0.90648286;528.0105602;8.700891448;0.97834587;21.19;3.53
0.025632208;0.984886439;-0.037391928;-1.572080067;0.985210083;0.927632681;528.0105602;8.822207116;0.985556408;21.19;3.59
0.025632208;0.984886439;-0.037391928;-1.572080067;0.985210083;0.927632681;528.0105602;8.822207116;0.985556408;21.19;3.59
0.022627829;0.989164502;-0.029385174;-1.582661664;0.989413393;0.92143398;530.0106002;8.742061006;0.974559441;21.19;3.59
0.022627829;0.989164502;-0.029385174;-1.582661664;0.989413393;0.92143398;530.0106002;8.742061006;0.974559441;21.19;3.59
0.04695754;0.984195916;-0.086134757;-1.56404454;0.985305658;0.926880585;528.0105602;8.771582535;0.984214349;21.2;3.56
0.04695754;0.984195916;-0.086134757;-1.56404454;0.985305658;0.926880585;528.0105602;8.771582535;0.984214349;21.2;3.56
0.029460657;1.002146271;-0.048746879;-1.604071821;1.002569196;0.939739061;528.0105602;8.455779365;0.942428772;21.2;3.56
0.029460657;1.002146271;-0.048746879;-1.604071821;1.002569196;0.939739061;528.0105602;8.455779365;0.942428772;21.2;3.56
0.023923681;0.999510774;-0.046819936;-1.601403515;0.999787052;0.936407812;526.0105202;8.557578985;0.948882484;21.21;3.55
0.023923681;0.999510774;-0.046819936;-1.601403515;0.999787052;0.936407812;526.0105202;8.557578985;0.948882484;21.21;3.55
0.01263317;0.993694472;-0.015849752;-1.587792108;0.993764837;0.928548346;530.0106002;8.574793389;0.957450496;21.21;3.55
0.01263317;0.993694472;-0.015849752;-1.587792108;0.993764837;0.928548346;530.0106002;8.574793389;0.957450496;21.21;3.55
0.03649586;0.994292365;-0.056882706;-1.591795003;0.994952;0.954489157;528.0105602;8.666603533;0.95754497;21.21;3.55
0.03649586;0.994292365;-0.056882706;-1.591795003;0.994952;0.954489157;528.0105602;8.666603533;0.95754497;21.21;3.55
0.02962235;0.986497309;-0.04895702;-1.573803628;0.986932095;0.94821017;532.0106402;8.792623985;0.967514011;21.21;3.55
0.02962235;0.986497309;-0.04895702;-1.573803628;0.986932095;0.94821017;532.0106402;8.792623985;0.967514011;21.21;3.55
0.036558708;0.995379268;-0.068928439;-1.592549951;0.996040466;0.961639168;258.0051601;8.667014382;0.970803159;21.21;3.58
0.036558708;0.995379268;-0.068928439;-1.592549951;0.996040466;0.961639168;258.0051601;8.667014382;0.970803159;21.21;3.58
0.023015563;0.981187001;-0.032926184;-1.561872635;0.98144709;0.961906612;276.0055201;8.866234584;0.97091612;21.21;3.58
0.023015563;0.981187001;-0.032926184;-1.561872635;0.98144709;0.961906612;276.0055201;8.866234584;0.97091612;21.21;3.58
0.019703516;0.997778215;-0.018481587;-1.600850757;0.997962766;0.962159715;528.0105602;8.557749245;0.96827118;21.22;3.55
0.019703516;0.997778215;-0.018481587;-1.600850757;0.997962766;0.962159715;528.0105602;8.557749245;0.96827118;21.22;3.55
0.033180573;0.983122719;-0.052868202;-1.575577172;0.983672659;0.962085875;528.0105602;9.003350696;0.997291474;21.22;3.55
0.033180573;0.983122719;-0.052868202;-1.575577172;0.983672659;0.962085875;528.0105602;9.003350696;0.997291474;21.22;3.55
0.030026469;0.993214669;-0.050584831;-1.590841066;0.993658512;0.983798992;266.0053201;8.695797929;0.98811632;21.22;3.55
0.030026469;0.993214669;-0.050584831;-1.590841066;0.993658512;0.983798992;266.0053201;8.695797929;0.98811632;21.22;3.55
0.043227901;0.977532382;-0.079813083;-1.554780699;0.97847795;0.998265293;530.0106002;9.00042356;0.995225524;21.22;3.55
0.043227901;0.977532382;-0.079813083;-1.554780699;0.97847795;0.998265293;530.0106002;9.00042356;0.995225524;21.22;3.55
0.024892089;0.967724624;-0.050591713;-1.533271505;0.968035038;1.015953214;528.0105602;9.109582441;1.004292936;21.23;3.53
0.024892089;0.967724624;-0.050591713;-1.533271505;0.968035038;1.015953214;528.0105602;9.109582441;1.004292936;21.23;3.53
0.039484198;0.983701313;-0.053199319;-1.570390659;0.984483581;1.045963691;256.0051201;8.858890622;0.975800705;21.23;3.53
0.039484198;0.983701313;-0.053199319;-1.570390659;0.984483581;1.045963691;256.0051201;8.858890622;0.975800705;21.23;3.53
0.03620753;0.964011085;-0.07597795;-1.527933242;0.964681176;1.048704111;526.0105202;9.266682804;1.01217996;21.23;3.53
0.03620753;0.964011085;-0.07597795;-1.527933242;0.964681176;1.048704111;526.0105202;9.266682804;1.01217996;21.23;3.53
0.039399335;0.981177149;-0.070679707;-1.565089663;0.981958069;1.03605952;530.0106002;9.017768447;0.990974391;21.23;3.53
0.039399335;0.981177149;-0.070679707;-1.565089663;0.981958069;1.03605952;530.0106002;9.017768447;0.990974391;21.23;3.53
0.044637023;0.966839638;-0.085452148;-1.530118915;0.967859832;1.047204863;528.0105602;9.150092851;1.017011947;21.25;3.53
0.044637023;0.966839638;-0.085452148;-1.530118915;0.967859832;1.047204863;528.0105602;9.150092851;1.017011947;21.25;3.53
0.036011916;0.990999429;-0.055891008;-1.582657862;0.991643628;1.034049875;526.0105202;8.716015449;0.96359928;21.25;3.53
0.036011916;0.990999429;-0.055891008;-1.582657862;0.991643628;1.034049875;526.0105202;8.716015449;0.96359928;21.25;3.53
0.02477283;0.911247825;-0.065353974;-1.410901482;0.911575385;1.040794114;164.0032801;10.22582799;1.126831493;23.12;3.01
0.02477283;0.911247825;-0.065353974;-1.410901482;0.911575385;1.040794114;164.0032801;10.22582799;1.126831493;23.12;3.01
0.013454254;0.89807871;-0.035541143;-1.373865077;0.898170505;1.051214604;476.0095202;10.32453821;1.132127561;23.12;3.01
0.013454254;0.89807871;-0.035541143;-1.373865077;0.898170505;1.051214604;476.0095202;10.32453821;1.132127561;23.12;3.01
0.032777091;0.923138601;-0.062966598;-1.443357734;0.923711086;1.057520698;476.0095202;10.06388511;1.119337829;23.13;3.01
0.032777091;0.923138601;-0.062966598;-1.443357734;0.923711086;1.057520698;476.0095202;10.06388511;1.119337829;23.13;3.01
0.024064662;0.909423425;-0.051434397;-1.407278086;0.909732671;1.037096443;474.0094802;10.23470868;1.113322492;23.13;3.01
0.024064662;0.909423425;-0.051434397;-1.407278086;0.909732671;1.037096443;474.0094802;10.23470868;1.113322492;23.13;3.01
0.02667853;0.903307264;-0.040965706;-1.39010282;0.903692114;1.039108075;476.0095202;10.32811663;1.132687763;23.13;3.05
0.02667853;0.903307264;-0.040965706;-1.39010282;0.903692114;1.039108075;476.0095202;10.32811663;1.132687763;23.13;3.05
0.022767892;0.916182938;-0.045621979;-1.428652416;0.916456636;1.039593281;158.0031601;10.17636797;1.123774299;23.13;3.05
0.022767892;0.916182938;-0.045621979;-1.428652416;0.916456636;1.039593281;158.0031601;10.17636797;1.123774299;23.13;3.05
0.043919701;0.910659178;-0.09233618;-1.409413764;0.911708557;1.053056769;476.0095202;10.23522024;1.123388033;23.14;3.1
0.043919701;0.910659178;-0.09233618;-1.409413764;0.911708557;1.053056769;476.0095202;10.23522024;1.123388033;23.14;3.1
0.036582789;0.916530137;-0.078181789;-1.420213422;0.917250779;1.035831274;474.0094802;10.12520394;1.118109462;23.14;3.1
0.036582789;0.916530137;-0.078181789;-1.420213422;0.917250779;1.035831274;474.0094802;10.12520394;1.118109462;23.14;3.1
0.038327358;0.935390378;-0.077108872;-1.455717485;0.936165928;1.038325415;166.0033201;9.755321813;1.096562524;23.14;3.1
0.038327358;0.935390378;-0.077108872;-1.455717485;0.936165928;1.038325415;166.0033201;9.755321813;1.096562524;23.14;3.1
0.041953674;0.914251779;-0.076741301;-1.411710741;0.915204736;1.066359212;474.0094802;10.10550045;1.126811544;23.14;3.1
0.041953674;0.914251779;-0.076741301;-1.411710741;0.915204736;1.066359212;474.0094802;10.10550045;1.126811544;23.14;3.1
0.043739604;0.923441427;-0.092539962;-1.440416863;0.924467504;1.043350682;162.0032401;10.03565264;1.122023875;23.15;3.02
0.043739604;0.923441427;-0.092539962;-1.440416863;0.924467504;1.043350682;162.0032401;10.03565264;1.122023875;23.15;3.02
0.0341309;0.903900373;-0.067976006;-1.402168733;0.904535495;1.048723021;474.0094802;10.4115547;1.149069215;23.15;3.02
0.0341309;0.903900373;-0.067976006;-1.402168733;0.904535495;1.048723021;474.0094802;10.4115547;1.149069215;23.15;3.02
0.018196267;0.921627294;-0.051940562;-1.434985913;0.921797692;1.052932084;474.0094802;10.03920432;1.108660157;23.15;3.05
0.018196267;0.921627294;-0.051940562;-1.434985913;0.921797692;1.052932084;474.0094802;10.03920432;1.108660157;23.15;3.05
0.016238761;0.894578778;-0.028633939;-1.370205839;0.894717208;1.041754077;478.0095602;10.44595099;1.142652349;23.15;3.05
0.016238761;0.894578778;-0.028633939;-1.370205839;0.894717208;1.041754077;478.0095602;10.44595099;1.142652349;23.15;3.05
0.026641915;0.922905378;-0.066827666;-1.438108525;0.923280614;1.047875621;476.0095202;10.02191484;1.110030484;23.15;3.05
0.026641915;0.922905378;-0.066827666;-1.438108525;0.923280614;1.047875621;476.0095202;10.02191484;1.110030484;23.15;3.05
0.026317238;0.90714523;-0.045272607;-1.403621229;0.907517827;1.042199922;474.0094802;10.28647761;1.124396034;23.15;3.05
0.026317238;0.90714523;-0.045272607;-1.403621229;0.907517827;1.042199922;474.0094802;10.28647761;1.124396034;23.15;3.05
0.031118486;0.924496918;-0.062331381;-1.444624023;0.925011252;1.054379373;474.0094802;10.01276149;1.123893484;23.16;3.03
0.031118486;0.924496918;-0.062331381;-1.444624023;0.925011252;1.054379373;474.0094802;10.01276149;1.123893484;23.16;3.03
0.019764324;0.912855897;-0.046803701;-1.415026156;0.913060705;1.047825649;166.0033201;10.2516585;1.122102642;23.16;3.03
0.019764324;0.912855897;-0.046803701;-1.415026156;0.913060705;1.047825649;166.0033201;10.2516585;1.122102642;23.16;3.03
0.027259422;0.935652337;-0.051012617;-1.478618042;0.93603999;1.051690409;170.0034001;9.93770307;1.114191316;23.16;3.02
0.027259422;0.935652337;-0.051012617;-1.478618042;0.93603999;1.051690409;170.0034001;9.93770307;1.114191316;23.16;3.02
0.036087207;0.902179097;-0.079434359;-1.380124024;0.902891539;1.050974962;476.0095202;10.28936595;1.140121237;23.16;3.02
0.036087207;0.902179097;-0.079434359;-1.380124024;0.902891539;1.050974962;476.0095202;10.28936595;1.140121237;23.16;3.02
0.022474637;0.93351119;-0.03144245;-1.459967008;0.933772361;1.05050905;476.0095202;9.817983559;1.111357018;23.16;3.05
0.022474637;0.93351119;-0.03144245;-1.459967008;0.933772361;1.05050905;476.0095202;9.817983559;1.111357018;23.16;3.05
0.037109086;0.921463055;-0.076571591;-1.444375095;0.922200772;1.046205008;474.0094802;10.10892651;1.112433213;23.16;3.05
0.037109086;0.921463055;-0.076571591;-1.444375095;0.922200772;1.046205008;474.0094802;10.10892651;1.112433213;23.16;3.05
0.022932452;0.911732473;-0.03356851;-1.408969619;0.912011718;1.051381904;476.0095202;10.17294211;1.117315646;23.16;3.03
0.022932452;0.911732473;-0.03356851;-1.408969619;0.912011718;1.051381904;476.0095202;10.17294211;1.117315646;23.16;3.03
0.008083285;0.933693554;-0.009643002;-1.460543877;0.933719206;1.054639552;476.0095202;9.789137595;1.096580226;23.16;3.03
0.008083285;0.933693554;-0.009643002;-1.460543877;0.933719206;1.054639552;476.0095202;9.789137595;1.096580226;23.16;3.03
0.019075187;0.900520495;-0.054926141;-1.391724808;0.900713498;1.043842024;476.0095202;10.45692952;1.165064021;23.16;3.03
0.019075187;0.900520495;-0.054926141;-1.391724808;0.900713498;1.043842024;476.0095202;10.45692952;1.165064021;23.16;3.03
0.01688085;0.931040791;-0.0361198;-1.460878907;0.931184504;1.046516572;476.0095202;9.975569402;1.128897188;23.16;3.03
0.01688085;0.931040791;-0.0361198;-1.460878907;0.931184504;1.046516572;476.0095202;9.975569402;1.128897188;23.16;3.03
0.040167588;0.892764371;-0.092524558;-1.363679945;0.893658613;1.041256875;168.0033601;10.54475811;1.155241544;23.17;3.05
0.040167588;0.892764371;-0.092524558;-1.363679945;0.893658613;1.041256875;168.0033601;10.54475811;1.155241544;23.17;3.05
0.034443286;0.916052451;-0.083426263;-1.426197977;0.916690597;1.040511549;476.0095202;10.21724437;1.141266411;23.17;3.05
0.034443286;0.916052451;-0.083426263;-1.426197977;0.916690597;1.040511549;476.0095202;10.21724437;1.141266411;23.17;3.05
0.030793123;0.938342784;-0.054898906;-1.474616391;0.938838531;1.0480735;476.0095202;9.747028269;1.112755437;23.17;3.1
0.030793123;0.938342784;-0.054898906;-1.474616391;0.938838531;1.0480735;476.0095202;9.747028269;1.112755437;23.17;3.1
0.028974447;0.922921603;-0.06099497;-1.438742868;0.923367082;1.041676755;474.0094802;10.06912209;1.124972014;23.17;3.1
0.028974447;0.922921603;-0.06099497;-1.438742868;0.923367082;1.041676755;474.0094802;10.06912209;1.124972014;23.17;3.1
0.036471856;0.913334489;-0.090082978;-1.416245124;0.914053282;1.028133851;476.0095202;10.25064233;1.132188106;23.17;3.08
0.036471856;0.913334489;-0.090082978;-1.416245124;0.914053282;1.028133851;476.0095202;10.25064233;1.132188106;23.17;3.08
0.031794607;0.915116486;-0.071403004;-1.4164221;0.915659506;1.046198338;476.0095202;10.18808705;1.137666268;23.17;3.08
0.031794607;0.915116486;-0.071403004;-1.4164221;0.915659506;1.046198338;476.0095202;10.18808705;1.137666268;23.17;3.08
0.026041127;0.931339362;-0.040002111;-1.46152866;0.931694048;1.04428455;476.0095202;9.906561529;1.12193017;23.18;3.08
0.026041127;0.931339362;-0.040002111;-1.46152866;0.931694048;1.04428455;476.0095202;9.906561529;1.12193017;23.18;3.08
0.027809208;0.915250832;-0.047392339;-1.413926733;0.915664067;1.036427768;476.0095202;10.1131858;1.131792364;23.18;3.08
0.027809208;0.915250832;-0.047392339;-1.413926733;0.915664067;1.036427768;476.0095202;10.1131858;1.131792364;23.18;3.08
0.040118687;0.919098238;-0.074626843;-1.43471339;0.91996423;1.046938887;164.0032801;10.11002252;1.140438433;23.18;3.08
0.040118687;0.919098238;-0.074626843;-1.43471339;0.91996423;1.046938887;164.0032801;10.11002252;1.140438433;23.18;3.08
0.029299422;0.900527207;-0.077908818;-1.388560393;0.900994721;1.043404467;476.0095202;10.42590568;1.148617986;23.18;3.08
0.029299422;0.900527207;-0.077908818;-1.388560393;0.900994721;1.043404467;476.0095202;10.42590568;1.148617986;23.18;3.08
0.01796344;0.90639849;-0.049805305;-1.410713951;0.906567414;1.055899422;474.0094802;10.36307644;1.151761699;23.19;3.08
0.01796344;0.90639849;-0.049805305;-1.410713951;0.906567414;1.055899422;474.0094802;10.36307644;1.151761699;23.19;3.08
0.018637225;0.920035763;-0.032388769;-1.436597291;0.920215313;1.037188134;172.0034401;10.1461103;1.138068966;23.19;3.08
0.018637225;0.920035763;-0.032388769;-1.436597291;0.920215313;1.037188134;172.0034401;10.1461103;1.138068966;23.19;3.08
0.035391345;0.91484228;-0.074831705;-1.418510477;0.915517453;1.051994729;474.0094802;10.16433518;1.119905069;23.19;3.03
0.035391345;0.91484228;-0.074831705;-1.418510477;0.915517453;1.051994729;474.0094802;10.16433518;1.119905069;23.19;3.03
0.028491376;0.932675418;-0.051581344;-1.465777564;0.933101171;1.052620559;164.0032801;9.9452498;1.108887442;23.19;3.03
0.028491376;0.932675418;-0.051581344;-1.465777564;0.933101171;1.052620559;164.0032801;9.9452498;1.108887442;23.19;3.03
0.029830045;0.921005576;-0.062219253;-1.4266322;0.92147932;1.049151646;476.0095202;9.947318927;1.107545865;23.19;2.95
0.029830045;0.921005576;-0.062219253;-1.4266322;0.92147932;1.049151646;476.0095202;9.947318927;1.107545865;23.19;2.95
0.030274688;0.92300604;-0.075596445;-1.432616251;0.923493188;1.053831665;476.0095202;9.966049879;1.111950905;23.19;2.95
0.030274688;0.92300604;-0.075596445;-1.432616251;0.923493188;1.053831665;476.0095202;9.966049879;1.111950905;23.19;2.95
0.035728303;0.921375832;-0.078492176;-1.443782119;0.922059085;1.060669658;476.0095202;10.16402625;1.143017635;23.19;2.99
0.035728303;0.921375832;-0.078492176;-1.443782119;0.922059085;1.060669658;476.0095202;10.16402625;1.143017635;23.19;2.99
0.028386773;0.89802914;-0.062818976;-1.375621003;0.898468706;1.050893099;474.0094802;10.43165505;1.15138022;23.19;2.99
0.028386773;0.89802914;-0.062818976;-1.375621003;0.898468706;1.050893099;474.0094802;10.43165505;1.15138022;23.19;2.99
0.021103408;0.888726492;-0.051669039;-1.350121616;0.888968129;1.046609368;472.0094402;10.50205597;1.161525665;23.2;3.06
0.021103408;0.888726492;-0.051669039;-1.350121616;0.888968129;1.046609368;472.0094402;10.50205597;1.161525665;23.2;3.06
0.02563247;0.903222897;-0.052439463;-1.395701279;0.903577505;1.038820323;170.0034001;10.36235714;1.151182458;23.2;3.06
0.02563247;0.903222897;-0.052439463;-1.395701279;0.903577505;1.038820323;170.0034001;10.36235714;1.151182458;23.2;3.06
0.033109124;0.920477581;-0.069656936;-1.43669032;0.921063649;1.042520661;474.0094802;10.13334929;1.137007374;23.2;3.06
0.033109124;0.920477581;-0.069656936;-1.43669032;0.921063649;1.042520661;474.0094802;10.13334929;1.137007374;23.2;3.06
0.027023892;0.921172781;-0.04467559;-1.446946385;0.92155988;1.046551867;476.0095202;10.19609232;1.140145135;23.2;3.06
0.027023892;0.921172781;-0.04467559;-1.446946385;0.92155988;1.046551867;476.0095202;10.19609232;1.140145135;23.2;3.06
0.021855888;0.901626824;-0.039463126;-1.395336594;0.90188267;1.046001717;476.0095202;10.42779959;1.154762072;23.21;3.03
0.021855888;0.901626824;-0.039463126;-1.395336594;0.90188267;1.046001717;476.0095202;10.42779959;1.154762072;23.21;3.03
0.021365905;0.903972435;-0.044320301;-1.408391754;0.90421586;1.041075441;476.0095202;10.40447426;1.153985246;23.21;3.03
0.021365905;0.903972435;-0.044320301;-1.408391754;0.90421586;1.041075441;476.0095202;10.40447426;1.153985246;23.21;3.03
0.037049711;0.836188809;-0.101719474;-1.226062875;0.837000849;0.982838943;406.0081202;11.39522546;1.16903564;23.72;2.51
0.037049711;0.836188809;-0.101719474;-1.226062875;0.837000849;0.982838943;406.0081202;11.39522546;1.16903564;23.72;2.51
0.048490637;0.856532223;-0.128443267;-1.272312103;0.857895167;0.988238583;408.0081602;11.13326122;1.155039646;23.72;2.51
0.048490637;0.856532223;-0.128443267;-1.272312103;0.857895167;0.988238583;408.0081602;11.13326122;1.155039646;23.72;2.51
0.047053916;0.848800724;-0.124854456;-1.255785095;0.850095483;0.985599478;406.0081202;11.26313054;1.152306312;23.73;2.51
0.047053916;0.848800724;-0.124854456;-1.255785095;0.850095483;0.985599478;406.0081202;11.26313054;1.152306312;23.73;2.51
0.036688143;0.843429781;-0.111692827;-1.255401982;0.844218922;0.983621978;408.0081602;11.40203965;1.164386131;23.73;2.51
0.036688143;0.843429781;-0.111692827;-1.255401982;0.844218922;0.983621978;408.0081602;11.40203965;1.164386131;23.73;2.51
0.039383739;0.838986044;-0.096922697;-1.233401855;0.839901531;0.977033832;408.0081602;11.34464369;1.1624781;23.73;2.53
0.039383739;0.838986044;-0.096922697;-1.233401855;0.839901531;0.977033832;408.0081602;11.34464369;1.1624781;23.73;2.53
0.040058428;0.875402999;-0.081117489;-1.32809695;0.876310311;0.979450852;406.0081202;10.85682332;1.126136128;23.73;2.53
0.040058428;0.875402999;-0.081117489;-1.32809695;0.876310311;0.979450852;406.0081202;10.85682332;1.126136128;23.73;2.53
0.034078156;0.829985562;-0.076041211;-1.206087357;0.830676577;0.975573348;408.0081602;11.44854242;1.161964299;23.73;2.49
0.034078156;0.829985562;-0.076041211;-1.206087357;0.830676577;0.975573348;408.0081602;11.44854242;1.161964299;23.73;2.49
0.031459;0.851363588;-0.061454416;-1.261831408;0.851936107;0.989574853;408.0081602;11.15945043;1.140829454;23.73;2.49
0.031459;0.851363588;-0.061454416;-1.261831408;0.851936107;0.989574853;408.0081602;11.15945043;1.140829454;23.73;2.49
0.030695597;0.835905475;-0.091487029;-1.226639601;0.836460524;0.980619451;406.0081202;11.421395;1.152488382;23.73;2.49
0.030695597;0.835905475;-0.091487029;-1.226639601;0.836460524;0.980619451;406.0081202;11.421395;1.152488382;23.73;2.49
0.043608293;0.862675239;-0.116075449;-1.28651774;0.863768121;0.985833764;408.0081602;10.99045903;1.135588981;23.73;2.49
0.043608293;0.862675239;-0.116075449;-1.28651774;0.863768121;0.985833764;408.0081602;10.99045903;1.135588981;23.73;2.49
0.031841719;0.844474255;-0.083431135;-1.254840277;0.845065915;0.987008554;408.0081602;11.32995054;1.166501045;23.74;2.57
0.031841719;0.844474255;-0.083431135;-1.254840277;0.845065915;0.987008554;408.0081602;11.32995054;1.166501045;23.74;2.57
0.026469947;0.844486635;-0.086708341;-1.249482484;0.844892935;1.000886277;408.0081602;11.21905775;1.156974744;23.74;2.57
0.026469947;0.844486635;-0.086708341;-1.249482484;0.844892935;1.000886277;408.0081602;11.21905775;1.156974744;23.74;2.57
0.046648047;0.845233253;-0.107968175;-1.237179263;0.846511077;0.986928508;406.0081202;11.24476754;1.167421613;23.74;2.57
0.046648047;0.845233253;-0.107968175;-1.237179263;0.846511077;0.986928508;406.0081202;11.24476754;1.167421613;23.74;2.57
0.029750393;0.848207222;-0.092308234;-1.256728529;0.848720324;0.990151848;406.0081202;11.21191967;1.157069613;23.74;2.57
0.029750393;0.848207222;-0.092308234;-1.256728529;0.848720324;0.990151848;406.0081202;11.21191967;1.157069613;23.74;2.57
0.027101323;0.835880083;-0.048371937;-1.238708994;0.83631096;0.985450171;408.0081602;11.40974372;1.163618357;23.74;2.54
0.027101323;0.835880083;-0.048371937;-1.238708994;0.83631096;0.985450171;408.0081602;11.40974372;1.163618357;23.74;2.54
0.012275124;0.836175567;-0.051776825;-1.243320857;0.836257301;0.979188875;406.0081202;11.44050629;1.170787078;23.74;2.54
0.012275124;0.836175567;-0.051776825;-1.243320857;0.836257301;0.979188875;406.0081202;11.44050629;1.170787078;23.74;2.54
0.040813226;0.825423432;-0.11809316;-1.19652896;0.826423581;0.980595462;410.0082002;11.49713636;1.163957987;23.74;2.54
0.040813226;0.825423432;-0.11809316;-1.19652896;0.826423581;0.980595462;410.0082002;11.49713636;1.163957987;23.74;2.54
0.024950957;0.865558532;-0.049408811;-1.31405841;0.865909429;0.99585789;408.0081602;11.06602808;1.159791857;23.74;2.54
0.024950957;0.865558532;-0.049408811;-1.31405841;0.865909429;0.99585789;408.0081602;11.06602808;1.159791857;23.74;2.54
0.040583263;0.86774928;-0.079205212;-1.326968231;0.868689101;0.99129618;408.0081602;11.12434828;1.134130699;23.75;2.53
0.040583263;0.86774928;-0.079205212;-1.326968231;0.868689101;0.99129618;408.0081602;11.12434828;1.134130699;23.75;2.53
0.020275636;0.836434246;-0.059737952;-1.2427708;0.836671595;0.977449556;408.0081602;11.4045966;1.173122114;23.75;2.53
0.020275636;0.836434246;-0.059737952;-1.2427708;0.836671595;0.977449556;408.0081602;11.4045966;1.173122114;23.75;2.53
0.029386182;0.816137886;-0.082847342;-1.173578635;0.816658604;0.977911453;408.0081602;11.60097868;1.187734647;23.75;2.54
0.029386182;0.816137886;-0.082847342;-1.173578635;0.816658604;0.977911453;408.0081602;11.60097868;1.187734647;23.75;2.54
0.033763701;0.832935126;-0.097608485;-1.222006012;0.833610842;0.988255389;408.0081602;11.46099986;1.152390533;23.75;2.54
0.033763701;0.832935126;-0.097608485;-1.222006012;0.833610842;0.988255389;408.0081602;11.46099986;1.152390533;23.75;2.54
0.024049291;0.835053985;-0.067630721;-1.234148376;0.835391872;0.980624836;408.0081602;11.39628077;1.190558176;23.75;2.5
0.024049291;0.835053985;-0.067630721;-1.234148376;0.835391872;0.980624836;408.0081602;11.39628077;1.190558176;23.75;2.5
0.028078876;0.836139969;-0.073453688;-1.222952446;0.836602945;1.008138021;408.0081602;11.3461214;1.158954409;23.75;2.5
0.028078876;0.836139969;-0.073453688;-1.222952446;0.836602945;1.008138021;408.0081602;11.3461214;1.158954409;23.75;2.5
0.023542361;0.80871739;-0.051524459;-1.146639769;0.809051901;0.992152405;408.0081602;11.67245549;1.186324968;23.75;2.53
0.023542361;0.80871739;-0.051524459;-1.146639769;0.809051901;0.992152405;408.0081602;11.67245549;1.186324968;23.75;2.53
0.0310351;0.848378746;-0.080622231;-1.264124859;0.848937735;0.991216844;408.0081602;11.26680696;1.160614536;23.75;2.53
0.0310351;0.848378746;-0.080622231;-1.264124859;0.848937735;0.991216844;408.0081602;11.26680696;1.160614536;23.75;2.53
0.029373677;0.858110547;-0.058920043;-1.281637584;0.858604563;1.019633993;408.0081602;11.08409386;1.159110884;23.75;2.53
0.029373677;0.858110547;-0.058920043;-1.281637584;0.858604563;1.019633993;408.0081602;11.08409386;1.159110884;23.75;2.53
0.014806554;0.809653943;-0.035932322;-1.175789945;0.809781224;0.971630485;408.0081602;11.79794804;1.205824936;23.75;2.53
0.014806554;0.809653943;-0.035932322;-1.175789945;0.809781224;0.971630485;408.0081602;11.79794804;1.205824936;23.75;2.53
0.02086592;0.820933887;-0.068591183;-1.203821198;0.821190815;0.974201249;406.0081202;11.69081776;1.189973013;23.75;2.53
0.02086592;0.820933887;-0.068591183;-1.203821198;0.821190815;0.974201249;406.0081202;11.69081776;1.189973013;23.75;2.53
0.01103564;0.834097561;-0.020014961;-1.242841695;0.834162222;0.979365455;406.0081202;11.52255667;1.187572639;23.75;2.53
0.01103564;0.834097561;-0.020014961;-1.242841695;0.834162222;0.979365455;406.0081202;11.52255667;1.187572639;23.75;2.53
0.023247849;0.845268807;-0.062545652;-1.257176336;0.845579996;0.991508645;408.0081602;11.25166377;1.158681267;23.76;2.54
0.023247849;0.845268807;-0.062545652;-1.257176336;0.845579996;0.991508645;408.0081602;11.25166377;1.158681267;23.76;2.54
0.028403747;0.832789331;-0.080834387;-1.227729016;0.833265247;0.988118606;408.0081602;11.45531877;1.17100112;23.76;2.54
0.028403747;0.832789331;-0.080834387;-1.227729016;0.833265247;0.988118606;408.0081602;11.45531877;1.17100112;23.76;2.54
0.026060157;0.824800059;-0.08302544;-1.204895831;0.825203407;0.991795677;408.0081602;11.54440404;1.175112985;23.76;2.52
0.026060157;0.824800059;-0.08302544;-1.204895831;0.825203407;0.991795677;408.0081602;11.54440404;1.175112985;23.76;2.52
0.023969413;0.796720594;-0.074796359;-1.139085801;0.797073109;0.97932077;408.0081602;11.8892209;1.209516902;23.76;2.52
0.023969413;0.796720594;-0.074796359;-1.139085801;0.797073109;0.97932077;408.0081602;11.8892209;1.209516902;23.76;2.52
0.025322771;0.827064397;-0.063790576;-1.211831815;0.827443701;0.994880896;408.0081602;11.57823813;1.183343602;23.76;2.57
0.025322771;0.827064397;-0.063790576;-1.211831815;0.827443701;0.994880896;408.0081602;11.57823813;1.183343602;23.76;2.57
0.038670328;0.839955756;-0.09828299;-1.238593949;0.840837056;1.007068829;408.0081602;11.35804983;1.16602385;23.76;2.57
0.038670328;0.839955756;-0.09828299;-1.238593949;0.840837056;1.007068829;408.0081602;11.35804983;1.16602385;23.76;2.57
0.013590534;0.828741065;-0.037701946;-1.232540072;0.828844206;0.988931239;408.0081602;11.59996899;1.193086638;23.76;2.53
0.013590534;0.828741065;-0.037701946;-1.232540072;0.828844206;0.988931239;408.0081602;11.59996899;1.193086638;23.76;2.53
0.007599022;0.80395048;-0.020794937;-1.13790931;0.803978354;0.976179391;406.0081202;11.72906104;1.188141488;23.76;2.53
0.007599022;0.80395048;-0.020794937;-1.13790931;0.803978354;0.976179391;406.0081202;11.72906104;1.188141488;23.76;2.53
0.038216476;0.834291959;-0.099796096;-1.230040777;0.835158458;0.983767824;408.0081602;11.38854689;1.172047712;23.76;2.5
0.038216476;0.834291959;-0.099796096;-1.230040777;0.835158458;0.983767824;408.0081602;11.38854689;1.172047712;23.76;2.5
0.010833043;0.811833065;-0.005994862;-1.155953847;0.811897222;0.974870685;408.0081602;11.65391389;1.18466011;23.76;2.5
0.010833043;0.811833065;-0.005994862;-1.155953847;0.811897222;0.974870685;408.0081602;11.65391389;1.18466011;23.76;2.5
0.026567841;0.843164622;-0.071092649;-1.246228796;0.843574663;0.989162704;408.0081602;11.27350081;1.148201739;23.77;2.5
0.026567841;0.843164622;-0.071092649;-1.246228796;0.843574663;0.989162704;408.0081602;11.27350081;1.148201739;23.77;2.5
0.0390917;0.848782499;-0.081044888;-1.271209817;0.849673751;0.981966319;406.0081202;11.2927159;1.171841738;23.77;2.5
0.0390917;0.848782499;-0.081044888;-1.271209817;0.849673751;0.981966319;406.0081202;11.2927159;1.171841738;23.77;2.5
0.011880957;0.826596444;-0.038087923;-1.20462282;0.826673559;0.9706332;408.0081602;11.5169618;1.182638433;23.77;2.53
0.011880957;0.826596444;-0.038087923;-1.20462282;0.826673559;0.9706332;408.0081602;11.5169618;1.182638433;23.77;2.53
0.01029317;0.79733519;-0.019310388;-1.132067357;0.797393654;0.988734517;408.0081602;11.87456197;1.211392309;23.77;2.53
0.01029317;0.79733519;-0.019310388;-1.132067357;0.797393654;0.988734517;408.0081602;11.87456197;1.211392309;23.77;2.53
0.012032026;0.840365796;-0.041851339;-1.267698788;0.840443524;0.995052757;408.0081602;11.45511193;1.18876799;23.77;2.52
0.012032026;0.840365796;-0.041851339;-1.267698788;0.840443524;0.995052757;408.0081602;11.45511193;1.18876799;23.77;2.52
0.032279029;0.832831458;-0.083730935;-1.215751522;0.833448439;0.992728081;410.0082002;11.37889891;1.16708468;23.77;2.52
0.032279029;0.832831458;-0.083730935;-1.215751522;0.833448439;0.992728081;410.0082002;11.37889891;1.16708468;23.77;2.52
0.018686001;0.818526925;-0.057296681;-1.183570376;0.818732004;0.987940256;408.0081602;11.60484543;1.189711316;23.77;2.52
0.018686001;0.818526925;-0.057296681;-1.183570376;0.818732004;0.987940256;408.0081602;11.60484543;1.189711316;23.77;2.52
0.028870764;0.846308321;-0.0838501;-1.257685841;0.846792164;0.992102129;408.0081602;11.28565532;1.166568856;23.77;2.52
0.028870764;0.846308321;-0.0838501;-1.257685841;0.846792164;0.992102129;408.0081602;11.28565532;1.166568856;23.77;2.52
0.016547731;0.823051677;-0.032845776;-1.202379321;0.82320978;0.97941444;408.0081602;11.58700525;1.191248893;23.77;2.52
0.016547731;0.823051677;-0.032845776;-1.202379321;0.82320978;0.97941444;408.0081602;11.58700525;1.191248893;23.77;2.52
0.016618016;0.812765686;-0.056407358;-1.179678809;0.812927431;0.964045681;408.0081602;11.72728316;1.193661094;23.77;2.52
0.016618016;0.812765686;-0.056407358;-1.179678809;0.812927431;0.964045681;408.0081602;11.72728316;1.193661094;23.77;2.52
0.004320756;0.598101412;-0.088216584;-0.524387223;0.598111038;0.842922737;666.0133203;13.21093658;1.215597483;24.04;2.01
0.004320756;0.598101412;-0.088216584;-0.524387223;0.598111038;0.842922737;666.0133203;13.21093658;1.215597483;24.04;2.01
0.00322534;0.561104291;-0.034803068;-0.424509917;0.56110795;0.827598567;664.0132803;13.28303025;1.227435872;24.04;2.01
0.00322534;0.561104291;-0.034803068;-0.424509917;0.56110795;0.827598567;664.0132803;13.28303025;1.227435872;24.04;2.01
0.003935719;0.573813589;-0.057323177;-0.399282745;0.573821348;0.843769782;234.0046801;13.2102692;1.217401799;24.04;2.02
0.003935719;0.573813589;-0.057323177;-0.399282745;0.573821348;0.843769782;234.0046801;13.2102692;1.217401799;24.04;2.02
0.003251151;0.55151059;-0.009877258;-0.451018482;0.551514658;0.805160955;668.0133603;13.31950568;1.225938144;24.04;2.02
0.003251151;0.55151059;-0.009877258;-0.451018482;0.551514658;0.805160955;668.0133603;13.31950568;1.225938144;24.04;2.02
-0.002487206;0.569234916;-0.030761706;-0.432452986;0.569234658;0.82791093;668.0133603;13.27291216;1.236508292;24.04;2.02
-0.002487206;0.569234916;-0.030761706;-0.432452986;0.569234658;0.82791093;668.0133603;13.27291216;1.236508292;24.04;2.02
0.005498098;0.619939532;-0.076791951;-0.578272993;0.619957712;0.836201104;230.0046001;13.17262886;1.216394431;24.04;2.02
0.005498098;0.619939532;-0.076791951;-0.578272993;0.619957712;0.836201104;230.0046001;13.17262886;1.216394431;24.04;2.02
0.002961757;0.599186299;-0.074908791;-0.521056486;0.599187627;0.822186152;242.0048401;13.19227434;1.220688231;24.04;2.01
0.002961757;0.599186299;-0.074908791;-0.521056486;0.599187627;0.822186152;242.0048401;13.19227434;1.220688231;24.04;2.01
0.005630539;0.624168958;-0.062082214;-0.631465486;0.624188112;0.840972128;224.0044801;13.15118049;1.223849075;24.04;2.01
0.005630539;0.624168958;-0.062082214;-0.631465486;0.624188112;0.840972128;224.0044801;13.15118049;1.223849075;24.04;2.01
0.010636177;0.635370619;-0.073468668;-0.528903531;0.635453285;0.835902211;254.0050801;12.88394509;1.202733342;24.04;1.99
0.010636177;0.635370619;-0.073468668;-0.528903531;0.635453285;0.835902211;254.0050801;12.88394509;1.202733342;24.04;1.99
0.003556821;0.563407389;-0.025449179;-0.369720167;0.563412982;0.835124042;196.0039201;13.23925695;1.234416297;24.04;1.99
0.003556821;0.563407389;-0.025449179;-0.369720167;0.563412982;0.835124042;196.0039201;13.23925695;1.234416297;24.04;1.99
1.18E-05;0.584635688;-0.082652464;-0.509406904;0.584629842;0.82162696;254.0050801;13.26678279;1.222335831;24.04;2
1.18E-05;0.584635688;-0.082652464;-0.509406904;0.584629842;0.82162696;254.0050801;13.26678279;1.222335831;24.04;2
-0.000163169;0.579030841;-0.034456785;-0.431260875;0.579025074;0.80528835;220.0044001;13.22118651;1.230554204;24.04;2
-0.000163169;0.579030841;-0.034456785;-0.431260875;0.579025074;0.80528835;220.0044001;13.22118651;1.230554204;24.04;2
0.00163961;0.546218308;-0.027677679;-0.340021001;0.546215306;0.811216522;668.0133603;13.25337467;1.230619678;24.04;2
0.00163961;0.546218308;-0.027677679;-0.340021001;0.546215306;0.811216522;668.0133603;13.25337467;1.230619678;24.04;2
-0.00333502;0.616874127;-0.011144786;-0.52043222;0.616876973;0.83852303;268.0053601;13.05958725;1.225312257;24.04;2
-0.00333502;0.616874127;-0.011144786;-0.52043222;0.616876973;0.83852303;268.0053601;13.05958725;1.225312257;24.04;2
0.006000024;0.626229623;-0.042425042;-0.60480748;0.626252104;0.840251582;214.0042801;13.10874834;1.212457901;24.04;2
0.006000024;0.626229623;-0.042425042;-0.60480748;0.626252104;0.840251582;214.0042801;13.10874834;1.212457901;24.04;2
0.00600428;0.615393773;-0.0337376;-0.563507142;0.61541691;0.829685347;242.0048401;13.17686522;1.224261278;24.04;2
0.00600428;0.615393773;-0.0337376;-0.563507142;0.61541691;0.829685347;242.0048401;13.17686522;1.224261278;24.04;2
-0.001962748;0.600685468;-0.010239915;-0.504175059;0.600682667;0.810023466;238.0047601;13.15909573;1.234001496;24.04;2.01
-0.001962748;0.600685468;-0.010239915;-0.504175059;0.600682667;0.810023466;238.0047601;13.15909573;1.234001496;24.04;2.01
0.004626785;0.625100521;-0.0689077;-0.633913693;0.625111393;0.818467708;216.0043201;13.16579362;1.224619448;24.04;2.01
0.004626785;0.625100521;-0.0689077;-0.633913693;0.625111393;0.818467708;216.0043201;13.16579362;1.224619448;24.04;2.01
0.007409606;0.618223936;-0.042000301;-0.550536552;0.618262156;0.833151698;236.0047201;13.1144833;1.215597948;24.04;2
0.007409606;0.618223936;-0.042000301;-0.550536552;0.618262156;0.833151698;236.0047201;13.1144833;1.215597948;24.04;2
0.008533111;0.600765516;-0.082003012;-0.509467433;0.600820107;0.84136434;254.0050801;13.1644659;1.229494922;24.04;2
0.008533111;0.600765516;-0.082003012;-0.509467433;0.600820107;0.84136434;254.0050801;13.1644659;1.229494922;24.04;2
0.000318911;0.624550486;-0.102605236;-0.644450425;0.624544322;0.836090296;256.0051201;13.13292976;1.217901653;24.04;2.02
0.000318911;0.624550486;-0.102605236;-0.644450425;0.624544322;0.836090296;256.0051201;13.13292976;1.217901653;24.04;2.02
0.003535515;0.618197554;-0.05294199;-0.650072246;0.618201482;0.820082877;222.0044401;13.19423636;1.245729269;24.04;2.02
0.003535515;0.618197554;-0.05294199;-0.650072246;0.618201482;0.820082877;222.0044401;13.19423636;1.245729269;24.04;2.02
0.006584678;0.609035807;-0.063518313;-0.557400127;0.609065311;0.814203295;254.0050801;13.17904618;1.245931464;24.04;2.02
0.006584678;0.609035807;-0.063518313;-0.557400127;0.609065311;0.814203295;254.0050801;13.17904618;1.245931464;24.04;2.02
0.003637184;0.604223554;-0.083191411;-0.57400134;0.604228459;0.836010842;248.0049601;13.19323922;1.242717685;24.04;2.02
0.003637184;0.604223554;-0.083191411;-0.57400134;0.604228459;0.836010842;248.0049601;13.19323922;1.242717685;24.04;2.02
0.00188662;0.596731763;-0.097790009;-0.512916735;0.596728778;0.828085426;230.0046001;13.18920948;1.229667468;24.04;1.99
0.00188662;0.596731763;-0.097790009;-0.512916735;0.596728778;0.828085426;230.0046001;13.18920948;1.229667468;24.04;1.99
0.003845323;0.614676122;-0.037372915;-0.551332093;0.614682003;0.828132613;234.0046801;13.07200829;1.220316146;24.04;1.99
0.003845323;0.614676122;-0.037372915;-0.551332093;0.614682003;0.828132613;234.0046801;13.07200829;1.220316146;24.04;1.99
0.001970695;0.602282233;-0.058095734;-0.508578776;0.602279434;0.837422123;240.0048001;13.12698955;1.222956343;24.04;1.99
0.001970695;0.602282233;-0.058095734;-0.508578776;0.602279434;0.837422123;240.0048001;13.12698955;1.222956343;24.04;1.99
0.00219944;0.611480975;-0.023469565;-0.558678388;0.611478815;0.812029625;212.0042401;13.17082203;1.235128996;24.04;1.99
0.00219944;0.611480975;-0.023469565;-0.558678388;0.611478815;0.812029625;212.0042401;13.17082203;1.235128996;24.04;1.99
0.004613073;0.651459585;-0.009908129;-0.701316378;0.651469403;0.842315649;230.0046001;13.00129423;1.214046231;24.04;2.01
0.004613073;0.651459585;-0.009908129;-0.701316378;0.651469403;0.842315649;230.0046001;13.00129423;1.214046231;24.04;2.01
-0.001562412;0.624334489;-0.022480545;-0.605939736;0.6243302;0.81637768;334.0066801;13.15965481;1.222711459;24.04;2.01
-0.001562412;0.624334489;-0.022480545;-0.605939736;0.6243302;0.81637768;334.0066801;13.15965481;1.222711459;24.04;2.01
0.003124277;0.651079014;-0.010487136;-0.673863903;0.651079999;0.828545707;236.0047201;12.92136979;1.211578276;24.04;2.01
0.003124277;0.651079014;-0.010487136;-0.673863903;0.651079999;0.828545707;236.0047201;12.92136979;1.211578276;24.04;2.01
0.00475923;0.643961056;-0.034072339;-0.654896734;0.643972203;0.850269157;248.0049601;13.00582557;1.203627058;24.04;2.01
0.00475923;0.643961056;-0.034072339;-0.654896734;0.643972203;0.850269157;248.0049601;13.00582557;1.203627058;24.04;2.01
0.003096808;0.622355073;-0.048916509;-0.620281593;0.622356554;0.838187539;212.0042401;13.17328731;1.223382793;24.04;2.01
0.003096808;0.622355073;-0.048916509;-0.620281593;0.622356554;0.838187539;212.0042401;13.17328731;1.223382793;24.04;2.01
0.003629239;0.644708545;-0.041312909;-0.65076868;0.644712313;0.840622069;240.0048001;12.95907748;1.222847407;24.04;2.01
0.003629239;0.644708545;-0.041312909;-0.65076868;0.644712313;0.840622069;240.0048001;12.95907748;1.222847407;24.04;2.01
0.002119657;0.654343104;-0.060698379;-0.744804701;0.654339993;0.826530904;266.0053201;13.08273167;1.227636113;24.04;2.01
0.002119657;0.654343104;-0.060698379;-0.744804701;0.654339993;0.826530904;266.0053201;13.08273167;1.227636113;24.04;2.01
0.002896043;0.638208887;-0.078160311;-0.68604379;0.638209076;0.83029888;230.0046001;13.11702785;1.212655092;24.04;2.01
0.002896043;0.638208887;-0.078160311;-0.68604379;0.638209076;0.83029888;230.0046001;13.11702785;1.212655092;24.04;2.01
0.00489455;0.629347575;-0.04448342;-0.668136336;0.629360314;0.826222407;230.0046001;13.14004181;1.231632339;24.04;2.04
0.00489455;0.629347575;-0.04448342;-0.668136336;0.629360314;0.826222407;230.0046001;13.14004181;1.231632339;24.04;2.04
0.005047722;0.701209948;-0.069504985;-0.819274828;0.701221104;0.830794304;254.0050801;12.65208839;1.195349138;24.04;2.04
0.005047722;0.701209948;-0.069504985;-0.819274828;0.701221104;0.830794304;254.0050801;12.65208839;1.195349138;24.04;2.04
0.003050908;0.646221377;-0.009140516;-0.727749435;0.646222116;0.832367015;224.0044801;13.06340999;1.225272607;24.04;2
0.003050908;0.646221377;-0.009140516;-0.727749435;0.646222116;0.832367015;224.0044801;13.06340999;1.225272607;24.04;2
0.004036995;0.657804436;-0.094939548;-0.741551198;0.657810246;0.821187422;232.0046401;13.02686457;1.23489238;24.04;2
0.004036995;0.657804436;-0.094939548;-0.741551198;0.657810246;0.821187422;232.0046401;13.02686457;1.23489238;24.04;2
0.006552382;0.636493821;-0.053065589;-0.623552475;0.636521182;0.82046627;256.0051201;13.01627014;1.22157201;24.04;2.02
0.006552382;0.636493821;-0.053065589;-0.623552475;0.636521182;0.82046627;256.0051201;13.01627014;1.22157201;24.04;2.02
0.005000556;0.633737988;-0.059633757;-0.670365237;0.633751379;0.806219738;234.0046801;13.15633069;1.256996504;24.04;2.02
0.005000556;0.633737988;-0.059633757;-0.670365237;0.633751379;0.806219738;234.0046801;13.15633069;1.256996504;24.04;2.02
0.001284362;0.648677433;-0.06264764;-0.66537845;0.648672218;0.826815337;250.0050001;13.00409719;1.242387242;24.04;2
0.001284362;0.648677433;-0.06264764;-0.66537845;0.648672218;0.826815337;250.0050001;13.00409719;1.242387242;24.04;2
0.003984424;0.620423184;-0.089350436;-0.645345553;0.620429774;0.820855297;276.0055201;13.22060609;1.241223951;24.04;2
0.003984424;0.620423184;-0.089350436;-0.645345553;0.620429774;0.820855297;276.0055201;13.22060609;1.241223951;24.04;2
0.008056237;0.662459205;-0.092321947;-0.704154065;0.662501566;0.824200865;234.0046801;12.92995384;1.225938805;24.04;2
0.008056237;0.662459205;-0.092321947;-0.704154065;0.662501566;0.824200865;234.0046801;12.92995384;1.225938805;24.04;2
0.005613419;0.624608033;-0.03623434;-0.615841638;0.624627011;0.798219287;240.0048001;13.15124132;1.235973972;24.04;2
0.005613419;0.624608033;-0.03623434;-0.615841638;0.624627011;0.798219287;240.0048001;13.15124132;1.235973972;24.04;2
0.005071828;0.659688368;-0.012194408;-0.717489066;0.659701268;0.803160222;240.0048001;12.9608612;1.252153936;24.04;2
0.005071828;0.659688368;-0.012194408;-0.717489066;0.659701268;0.803160222;240.0048001;12.9608612;1.252153936;24.04;2
0.004182002;0.676729888;-0.044458518;-0.776144769;0.676736043;0.813447518;238.0047601;12.88622198;1.237620035;24.04;2
0.004182002;0.676729888;-0.044458518;-0.776144769;0.676736043;0.813447518;238.0047601;12.88622198;1.237620035;24.04;2
0.011177741;0.663465225;-0.103056951;-0.738808652;0.663552743;0.810712159;226.0045201;12.91597893;1.235485865;24.04;2.01
0.011177741;0.663465225;-0.103056951;-0.738808652;0.663552743;0.810712159;226.0045201;12.91597893;1.235485865;24.04;2.01
0.000893675;0.628486996;0.02380984;-0.658603228;0.628481347;0.840845225;232.0046401;13.11588696;1.237221895;24.04;2.01
0.000893675;0.628486996;0.02380984;-0.658603228;0.628481347;0.840845225;232.0046401;13.11588696;1.237221895;24.04;2.01
0.001193422;0.822255068;-0.005228028;-1.336911556;0.822247711;0.475166751;262.0052401;12.3450176;1.053369284;23.97;1.57
0.001193422;0.822255068;-0.005228028;-1.336911556;0.822247711;0.475166751;262.0052401;12.3450176;1.053369284;23.97;1.57
0.000796766;0.825297353;-0.014335322;-1.371212276;0.825289484;0.485467005;260.0052001;12.435559;1.060961617;23.97;1.57
0.000796766;0.825297353;-0.014335322;-1.371212276;0.825289484;0.485467005;260.0052001;12.435559;1.060961617;23.97;1.57
0.004957687;0.786324802;-0.020115457;-1.261215871;0.786332567;0.457991568;262.0052401;12.56034597;1.069854728;23.97;1.55
0.004957687;0.786324802;-0.020115457;-1.261215871;0.786332567;0.457991568;262.0052401;12.56034597;1.069854728;23.97;1.55
0.006832998;0.828666693;-0.021626291;-1.344241409;0.828686577;0.487180682;264.0052801;12.23285359;1.027433403;23.97;1.55
0.006832998;0.828666693;-0.021626291;-1.344241409;0.828686577;0.487180682;264.0052801;12.23285359;1.027433403;23.97;1.55
0.003504334;0.812470454;-0.013184417;-1.289498992;0.812469886;0.457231817;262.0052401;12.39392538;1.038858981;23.97;1.57
0.003504334;0.812470454;-0.013184417;-1.289498992;0.812469886;0.457231817;262.0052401;12.39392538;1.038858981;23.97;1.57
0.006037601;0.785198281;-0.031053153;-1.213996993;0.785213641;0.481404391;262.0052401;12.45071985;1.078273661;23.97;1.57
0.006037601;0.785198281;-0.031053153;-1.213996993;0.785213641;0.481404391;262.0052401;12.45071985;1.078273661;23.97;1.57
0.003078955;0.83251323;-0.015363136;-1.363452974;0.832510599;0.48112227;262.0052401;12.30334572;1.020831144;23.97;1.54
0.003078955;0.83251323;-0.015363136;-1.363452974;0.832510599;0.48112227;262.0052401;12.30334572;1.020831144;23.97;1.54
0.006140803;0.844807431;-0.014286833;-1.393210149;0.844821301;0.478579468;260.0052001;12.25093593;1.026637471;23.97;1.54
0.006140803;0.844807431;-0.014286833;-1.393210149;0.844821301;0.478579468;260.0052001;12.25093593;1.026637471;23.97;1.54
0.005237742;0.813403894;-0.030037139;-1.307949333;0.813412624;0.474946777;262.0052401;12.40126298;1.044997871;23.97;1.54
0.005237742;0.813403894;-0.030037139;-1.307949333;0.813412624;0.474946777;262.0052401;12.40126298;1.044997871;23.97;1.54
0.008406188;0.79210773;-0.016149879;-1.247645385;0.792144413;0.476744068;262.0052401;12.49585838;1.07087996;23.97;1.54
0.008406188;0.79210773;-0.016149879;-1.247645385;0.792144413;0.476744068;262.0052401;12.49585838;1.07087996;23.97;1.54
0.005418284;0.836589198;-0.015666158;-1.371500986;0.836598378;0.483526874;262.0052401;12.2572977;1.021166012;23.97;1.55
0.005418284;0.836589198;-0.015666158;-1.371500986;0.836598378;0.483526874;262.0052401;12.2572977;1.021166012;23.97;1.55
0.000113102;0.838341385;0.002547796;-1.376010085;0.838333009;0.495593673;262.0052401;12.33218027;1.044544048;23.97;1.55
0.000113102;0.838341385;0.002547796;-1.376010085;0.838333009;0.495593673;262.0052401;12.33218027;1.044544048;23.97;1.55
0.004338023;0.864516567;-0.024474063;-1.43587206;0.864518806;0.476786279;262.0052401;12.05036966;1.002971278;23.97;1.56
0.004338023;0.864516567;-0.024474063;-1.43587206;0.864518806;0.476786279;262.0052401;12.05036966;1.002971278;23.97;1.56
0.001823595;0.811452269;0.008443693;-1.295108501;0.811446204;0.483593532;262.0052401;12.5222334;1.050347789;23.97;1.56
0.001823595;0.811452269;0.008443693;-1.295108501;0.811446204;0.483593532;262.0052401;12.5222334;1.050347789;23.97;1.56
0.00285196;0.825709467;-0.0125518;-1.363194664;0.825706135;0.48098762;262.0052401;12.28812779;1.040979599;23.97;1.56
0.00285196;0.825709467;-0.0125518;-1.363194664;0.825706135;0.48098762;262.0052401;12.28812779;1.040979599;23.97;1.56
0.0023641;0.839861787;-0.011805001;-1.421771131;0.839856716;0.486399763;262.0052401;12.4231787;1.060523786;23.97;1.56
0.0023641;0.839861787;-0.011805001;-1.421771131;0.839856716;0.486399763;262.0052401;12.4231787;1.060523786;23.97;1.56
0.007057472;0.819692775;-0.021813188;-1.336685007;0.81971496;0.46786634;262.0052401;12.43068623;1.054318642;23.97;1.58
0.007057472;0.819692775;-0.021813188;-1.336685007;0.81971496;0.46786634;262.0052401;12.43068623;1.054318642;23.97;1.58
0.001791415;0.763967974;-0.028088411;-1.27115381;0.763962435;0.46201006;262.0052401;12.9746044;1.081111667;23.97;1.58
0.001791415;0.763967974;-0.028088411;-1.27115381;0.763962435;0.46201006;262.0052401;12.9746044;1.081111667;23.97;1.58
0.004502014;0.800893315;-0.033844932;-1.292187154;0.80089796;0.468518073;262.0052401;12.59238925;1.062211945;23.97;1.57
0.004502014;0.800893315;-0.033844932;-1.292187154;0.80089796;0.468518073;262.0052401;12.59238925;1.062211945;23.97;1.57
0.007423472;0.821919085;-0.021230792;-1.347988118;0.821944389;0.48181425;264.0052801;12.45867908;1.052955601;23.97;1.57
0.007423472;0.821919085;-0.021230792;-1.347988118;0.821944389;0.48181425;264.0052801;12.45867908;1.052955601;23.97;1.57
0.003751051;0.777696891;-0.030226275;-1.320638068;0.77769816;0.458592654;262.0052401;12.97323404;1.092566224;23.96;1.57
0.003751051;0.777696891;-0.030226275;-1.320638068;0.77769816;0.458592654;262.0052401;12.97323404;1.092566224;23.96;1.57
0.005856738;0.812047991;-0.01961509;-1.320614076;0.81206099;0.464318544;262.0052401;12.52541174;1.045861872;23.96;1.57
0.005856738;0.812047991;-0.01961509;-1.320614076;0.81206099;0.464318544;262.0052401;12.52541174;1.045861872;23.96;1.57
0.004683095;0.819423588;-0.015055404;-1.307708903;0.819428776;0.49550829;264.0052801;12.3556572;1.046857514;23.96;1.57
0.004683095;0.819423588;-0.015055404;-1.307708903;0.819428776;0.49550829;264.0052801;12.3556572;1.046857514;23.96;1.57
0.006142487;0.803109997;-0.031560983;-1.305708754;0.803125455;0.463638071;262.0052401;12.56305286;1.073678547;23.96;1.57
0.006142487;0.803109997;-0.031560983;-1.305708754;0.803125455;0.463638071;262.0052401;12.56305286;1.073678547;23.96;1.57
0.004123423;0.849388661;-0.011233411;-1.393517217;0.849390175;0.494367149;262.0052401;12.01856892;1.004139094;23.97;1.56
0.004123423;0.849388661;-0.011233411;-1.393517217;0.849390175;0.494367149;262.0052401;12.01856892;1.004139094;23.97;1.56
0.001552639;0.766705823;-0.024980766;-1.249392796;0.766699728;0.444710209;264.0052801;12.89085594;1.093636355;23.97;1.56
0.001552639;0.766705823;-0.024980766;-1.249392796;0.766699728;0.444710209;264.0052801;12.89085594;1.093636355;23.97;1.56
0.006341809;0.811107683;-0.005066569;-1.284007542;0.811124364;0.470768244;262.0052401;12.32537698;1.035488975;23.96;1.56
0.006341809;0.811107683;-0.005066569;-1.284007542;0.811124364;0.470768244;262.0052401;12.32537698;1.035488975;23.96;1.56
0.001200495;0.765558155;0.010134635;-1.178229383;0.765551441;0.492622047;262.0052401;12.76034844;1.085686036;23.96;1.56
0.001200495;0.765558155;0.010134635;-1.178229383;0.765551441;0.492622047;262.0052401;12.76034844;1.085686036;23.96;1.56
0.002500834;0.769384019;0.002518576;-1.252331682;0.76938039;0.470066361;262.0052401;12.88646813;1.093217569;23.96;1.56
0.002500834;0.769384019;0.002518576;-1.252331682;0.76938039;0.470066361;262.0052401;12.88646813;1.093217569;23.96;1.56
0.004669044;0.824886975;-0.003404111;-1.330545721;0.82489194;0.498024271;262.0052401;12.20681961;1.028938644;23.96;1.56
0.004669044;0.824886975;-0.003404111;-1.330545721;0.82489194;0.498024271;262.0052401;12.20681961;1.028938644;23.96;1.56
0.004076391;0.833894484;-0.01512473;-1.353343719;0.833896108;0.486390931;262.0052401;12.21276199;1.010202706;23.96;1.56
0.004076391;0.833894484;-0.01512473;-1.353343719;0.833896108;0.486390931;262.0052401;12.21276199;1.010202706;23.96;1.56
0.003850134;0.844823608;0.0029307;-1.431600614;0.844823933;0.473184221;262.0052401;12.44119157;1.050830702;23.96;1.56
0.003850134;0.844823608;0.0029307;-1.431600614;0.844823933;0.473184221;262.0052401;12.44119157;1.050830702;23.96;1.56
-0.001917707;0.825867461;-0.008359129;-1.347418667;0.825861428;0.476858528;262.0052401;12.39492187;1.0415401;23.96;1.57
-0.001917707;0.825867461;-0.008359129;-1.347418667;0.825861428;0.476858528;262.0052401;12.39492187;1.0415401;23.96;1.57
0.003772124;0.81407581;-0.024607756;-1.353797806;0.814076409;0.479631081;262.0052401;12.59323278;1.063219187;23.96;1.57
0.003772124;0.81407581;-0.024607756;-1.353797806;0.814076409;0.479631081;262.0052401;12.59323278;1.063219187;23.96;1.57
0.004928967;0.860909919;-0.013292122;-1.440904574;0.86091542;0.503061609;262.0052401;12.14760694;1.035984317;23.96;1.57
0.004928967;0.860909919;-0.013292122;-1.440904574;0.86091542;0.503061609;262.0052401;12.14760694;1.035984317;23.96;1.57
0.005641832;0.809650553;-0.028658103;-1.343669628;0.809662113;0.490322707;264.0052801;12.56547249;1.053099618;23.96;1.57
0.005641832;0.809650553;-0.028658103;-1.343669628;0.809662113;0.490322707;264.0052801;12.56547249;1.053099618;23.96;1.57
0.003252974;0.771613373;-0.015811997;-1.272982822;0.771612513;0.462514155;262.0052401;12.94632589;1.094320297;23.96;1.58
0.003252974;0.771613373;-0.015811997;-1.272982822;0.771612513;0.462514155;262.0052401;12.94632589;1.094320297;23.96;1.58
0.008816609;0.813636358;-0.031796849;-1.306627567;0.813675989;0.499105825;264.0052801;12.45356896;1.040959064;23.96;1.58
0.008816609;0.813636358;-0.031796849;-1.306627567;0.813675989;0.499105825;264.0052801;12.45356896;1.040959064;23.96;1.58
0.002592692;0.834579639;-0.008093849;-1.428117135;0.83457532;0.466685153;262.0052401;12.60297447;1.063730528;23.96;1.58
0.002592692;0.834579639;-0.008093849;-1.428117135;0.83457532;0.466685153;262.0052401;12.60297447;1.063730528;23.96;1.58
0.008023085;0.818043523;-0.017820253;-1.349378953;0.818074686;0.481222028;262.0052401;12.50045266;1.072806521;23.96;1.58
0.008023085;0.818043523;-0.017820253;-1.349378953;0.818074686;0.481222028;262.0052401;12.50045266;1.072806521;23.96;1.58
0.000915284;0.818554831;-0.005086013;-1.310708406;0.818547157;0.491409466;262.0052401;12.2627878;1.027526152;23.96;1.55
0.000915284;0.818554831;-0.005086013;-1.310708406;0.818547157;0.491409466;262.0052401;12.2627878;1.027526152;23.96;1.55
0.002222183;0.847940378;0.003356744;-1.3991281;0.84793481;0.501948268;262.0052401;12.09033431;1.03783988;23.96;1.55
0.002222183;0.847940378;0.003356744;-1.3991281;0.84793481;0.501948268;262.0052401;12.09033431;1.03783988;23.96;1.55
0.004857857;0.77728951;-0.016502222;-1.275965983;0.777296917;0.475256219;262.0052401;12.81416719;1.097526935;23.96;1.56
0.004857857;0.77728951;-0.016502222;-1.275965983;0.777296917;0.475256219;262.0052401;12.81416719;1.097526935;23.96;1.56
0.006672719;0.839759628;-0.017366121;-1.379913241;0.839777741;0.499344308;262.0052401;12.16563168;1.032301083;23.96;1.56
0.006672719;0.839759628;-0.017366121;-1.379913241;0.839777741;0.499344308;262.0052401;12.16563168;1.032301083;23.96;1.56
0.004790457;0.861669852;-0.023249031;-1.39685174;0.861674551;0.49488571;262.0052401;11.8700746;1.011478225;23.96;1.58
0.004790457;0.861669852;-0.023249031;-1.39685174;0.861674551;0.49488571;262.0052401;11.8700746;1.011478225;23.96;1.58
0.002150331;0.772874364;-0.007366355;-1.184681236;0.772869627;0.433515124;262.0052401;12.62248243;1.067592633;23.96;1.58
0.002150331;0.772874364;-0.007366355;-1.184681236;0.772869627;0.433515124;262.0052401;12.62248243;1.067592633;23.96;1.58
0.002126007;0.793811255;-0.030238912;-1.259372427;0.793806164;0.466756408;262.0052401;12.57006185;1.063544356;23.96;1.58
0.002126007;0.793811255;-0.030238912;-1.259372427;0.793806164;0.466756408;262.0052401;12.57006185;1.063544356;23.96;1.58
0.004963932;0.787332487;-0.028356591;-1.280565943;0.787340261;0.483121857;262.0052401;12.70209773;1.065229298;23.96;1.58
0.004963932;0.787332487;-0.028356591;-1.280565943;0.787340261;0.483121857;262.0052401;12.70209773;1.065229298;23.96;1.58
0.004804407;0.774376029;-0.019700846;-1.182735971;0.774383189;0.464227031;262.0052401;12.6496071;1.066423629;23.96;1.58
0.004804407;0.774376029;-0.019700846;-1.182735971;0.774383189;0.464227031;262.0052401;12.6496071;1.066423629;23.96;1.58
0.005654443;0.759677508;-0.017635029;-1.189649157;0.759690954;0.471111921;262.0052401;12.68774203;1.076128758;23.96;1.58
0.005654443;0.759677508;-0.017635029;-1.189649157;0.759690954;0.471111921;262.0052401;12.68774203;1.076128758;23.96;1.58
0.004164056;0.236921566;-0.259419074;0.348408601;0.236955787;0.403643651;164.0032801;12.45607371;1.561458434;23.86;1.01
0.004164056;0.236921566;-0.259419074;0.348408601;0.236955787;0.403643651;164.0032801;12.45607371;1.561458434;23.86;1.01
-0.000447315;0.252991398;-0.120044087;-0.150757606;0.252989263;0.439576215;166.0033201;12.56076088;1.532463891;23.86;1.01
-0.000447315;0.252991398;-0.120044087;-0.150757606;0.252989263;0.439576215;166.0033201;12.56076088;1.532463891;23.86;1.01
0.001162948;0.238430161;-0.134078511;-0.101592112;0.238430612;0.419694755;164.0032801;12.47626289;1.565007049;23.86;1.01
0.001162948;0.238430161;-0.134078511;-0.101592112;0.238430612;0.419694755;164.0032801;12.47626289;1.565007049;23.86;1.01
0.001495032;0.258592479;-0.095245919;0.104237954;0.258594215;0.459528691;166.0033201;12.58260109;1.56049658;23.86;1.01
0.001495032;0.258592479;-0.095245919;0.104237954;0.258594215;0.459528691;166.0033201;12.58260109;1.56049658;23.86;1.01
-0.001418366;0.247351464;-0.148767486;-0.309702232;0.247353058;0.443844081;164.0032801;12.53343784;1.569780111;23.86;1.01
-0.001418366;0.247351464;-0.148767486;-0.309702232;0.247353058;0.443844081;164.0032801;12.53343784;1.569780111;23.86;1.01
-4.23E-05;0.234150356;-0.139575078;-0.070427683;0.234148019;0.416079613;166.0033201;12.45927412;1.564573963;23.86;1.01
-4.23E-05;0.234150356;-0.139575078;-0.070427683;0.234148019;0.416079613;166.0033201;12.45927412;1.564573963;23.86;1.01
4.03E-05;0.236277424;-0.130183875;-0.26440944;0.236275065;0.415427763;166.0033201;12.47528942;1.559624465;23.86;1.02
4.03E-05;0.236277424;-0.130183875;-0.26440944;0.236275065;0.415427763;166.0033201;12.47528942;1.559624465;23.86;1.02
0.004419422;0.239941154;-0.109931846;-0.096135339;0.239979451;0.436376215;166.0033201;12.49031608;1.559731699;23.86;1.02
0.004419422;0.239941154;-0.109931846;-0.096135339;0.239979451;0.436376215;166.0033201;12.49031608;1.559731699;23.86;1.02
-0.00366523;0.242501541;0.015966624;-0.283361387;0.242526813;0.449988885;166.0033201;12.50790598;1.553703993;23.86;1.01
-0.00366523;0.242501541;0.015966624;-0.283361387;0.242526813;0.449988885;166.0033201;12.50790598;1.553703993;23.86;1.01
0.004291053;0.23684439;-0.201670299;-0.187570717;0.236880891;0.407208629;166.0033201;12.47070865;1.550241214;23.86;1.01
0.004291053;0.23684439;-0.201670299;-0.187570717;0.236880891;0.407208629;166.0033201;12.47070865;1.550241214;23.86;1.01
-0.000124206;0.264094645;-0.096270613;-0.266606684;0.264092033;0.457719622;164.0032801;12.61745727;1.542581475;23.86;1.01
-0.000124206;0.264094645;-0.096270613;-0.266606684;0.264092033;0.457719622;164.0032801;12.61745727;1.542581475;23.86;1.01
-0.002019212;0.245729666;-0.267898528;-0.298298316;0.245735504;0.423821596;166.0033201;12.51255056;1.557512107;23.86;1.01
-0.002019212;0.245729666;-0.267898528;-0.298298316;0.245735504;0.423821596;166.0033201;12.51255056;1.557512107;23.86;1.01
0.0015884;0.256280313;-0.205833059;-0.39886231;0.256282673;0.452288615;166.0033201;12.5754039;1.535727169;23.86;1.02
0.0015884;0.256280313;-0.205833059;-0.39886231;0.256282673;0.452288615;166.0033201;12.5754039;1.535727169;23.86;1.02
0.002874857;0.252403823;-0.093684042;-0.346755452;0.252417671;0.446710874;164.0032801;12.55884039;1.546670288;23.86;1.02
0.002874857;0.252403823;-0.093684042;-0.346755452;0.252417671;0.446710874;164.0032801;12.55884039;1.546670288;23.86;1.02
0.001800578;0.244147073;-0.154219647;-0.221622459;0.244151271;0.448809085;166.0033201;12.51812701;1.553323281;23.86;1.02
0.001800578;0.244147073;-0.154219647;-0.221622459;0.244151271;0.448809085;166.0033201;12.51812701;1.553323281;23.86;1.02
-0.000910241;0.241101837;-0.243871261;-0.197192527;0.241101144;0.434184384;166.0033201;12.50040283;1.569562699;23.86;1.02
-0.000910241;0.241101837;-0.243871261;-0.197192527;0.241101144;0.434184384;166.0033201;12.50040283;1.569562699;23.86;1.02
0.000713968;0.23147679;-0.124245862;-0.288546537;0.231475577;0.422789385;166.0033201;12.4515262;1.561081937;23.86;1.03
0.000713968;0.23147679;-0.124245862;-0.288546537;0.231475577;0.422789385;166.0033201;12.4515262;1.561081937;23.86;1.03
0.001711945;0.240633632;-0.09140441;-0.445473727;0.240637315;0.431486622;164.0032801;12.50080918;1.559333282;23.86;1.03
0.001711945;0.240633632;-0.09140441;-0.445473727;0.240637315;0.431486622;164.0032801;12.50080918;1.559333282;23.86;1.03
-0.002093505;0.226727338;-0.26458003;0.052314182;0.226734736;0.410309939;164.0032801;12.41116228;1.574098493;23.86;1.02
-0.002093505;0.226727338;-0.26458003;0.052314182;0.226734736;0.410309939;164.0032801;12.41116228;1.574098493;23.86;1.02
0.00060768;0.247497098;-0.068375119;0.113157855;0.247495369;0.421934122;164.0032801;12.52739436;1.554816207;23.86;1.02
0.00060768;0.247497098;-0.068375119;0.113157855;0.247495369;0.421934122;164.0032801;12.52739436;1.554816207;23.86;1.02
0.004560778;0.247271064;-0.109613932;-0.123378587;0.247310648;0.449621516;164.0032801;12.53655197;1.555263069;23.86;1.05
0.004560778;0.247271064;-0.109613932;-0.123378587;0.247310648;0.449621516;164.0032801;12.53655197;1.555263069;23.86;1.05
0.001015214;0.231193938;-0.129701524;-0.122713608;0.231193855;0.419850577;166.0033201;12.44475488;1.556584999;23.86;1.05
0.001015214;0.231193938;-0.129701524;-0.122713608;0.231193855;0.419850577;166.0033201;12.44475488;1.556584999;23.86;1.05
0.000614191;0.24172644;-0.215762835;-0.249662766;0.241724803;0.413312997;166.0033201;12.50549435;1.536124735;23.86;1.05
0.000614191;0.24172644;-0.215762835;-0.249662766;0.241724803;0.413312997;166.0033201;12.50549435;1.536124735;23.86;1.05
0.002216122;0.246393356;-0.120791293;-0.211424065;0.246400859;0.433536756;166.0033201;12.53248605;1.544483973;23.86;1.05
0.002216122;0.246393356;-0.120791293;-0.211424065;0.246400859;0.433536756;166.0033201;12.53248605;1.544483973;23.86;1.05
-0.002816101;0.233565143;-0.178556103;-0.231249307;0.233579783;0.406314771;166.0033201;12.45383319;1.551771852;23.87;1.01
-0.002816101;0.233565143;-0.178556103;-0.231249307;0.233579783;0.406314771;166.0033201;12.45383319;1.551771852;23.87;1.01
0.001595839;0.233718535;-0.190708706;0.002737821;0.233721646;0.425134288;166.0033201;12.45068352;1.567527751;23.87;1.01
0.001595839;0.233718535;-0.190708706;0.002737821;0.233721646;0.425134288;166.0033201;12.45068352;1.567527751;23.87;1.01
0.002090405;0.249874414;-0.235767558;0.038184048;0.249880659;0.450604157;164.0032801;12.54364921;1.559382929;23.87;1.04
0.002090405;0.249874414;-0.235767558;0.038184048;0.249880659;0.450604157;164.0032801;12.54364921;1.559382929;23.87;1.04
-0.003470424;0.244415393;-0.16261781;-0.15428594;0.244437585;0.423650313;164.0032801;12.51424189;1.5363381;23.87;1.04
-0.003470424;0.244415393;-0.16261781;-0.15428594;0.244437585;0.423650313;164.0032801;12.51424189;1.5363381;23.87;1.04
0.004600832;0.247851675;-0.179155626;-0.285592814;0.247891896;0.44403173;166.0033201;12.53970149;1.549583882;23.87;1.04
0.004600832;0.247851675;-0.179155626;-0.285592814;0.247891896;0.44403173;166.0033201;12.53970149;1.549583882;23.87;1.04
-0.002914669;0.246266283;-0.182170151;-0.324122853;0.246281068;0.435730227;166.0033201;12.52231209;1.553824584;23.87;1.04
-0.002914669;0.246266283;-0.182170151;-0.324122853;0.246281068;0.435730227;166.0033201;12.52231209;1.553824584;23.87;1.04
0.001665188;0.244245518;-0.305526286;0.110759105;0.244248752;0.427057847;166.0033201;12.50387008;1.561327324;23.87;1.02
0.001665188;0.244245518;-0.305526286;0.110759105;0.244248752;0.427057847;166.0033201;12.50387008;1.561327324;23.87;1.02
0.001333776;0.231329168;-0.243260176;-0.172801664;0.2313307;0.401009848;166.0033201;12.44651413;1.547827494;23.87;1.02
0.001333776;0.231329168;-0.243260176;-0.172801664;0.2313307;0.401009848;166.0033201;12.44651413;1.547827494;23.87;1.02
0.002012444;0.247448138;-0.063522984;-0.143212688;0.247453847;0.424056573;166.0033201;12.53265776;1.545787717;23.87;1.04
0.002012444;0.247448138;-0.063522984;-0.143212688;0.247453847;0.424056573;166.0033201;12.53265776;1.545787717;23.87;1.04
-5.99E-05;0.249422773;-0.147176459;0.009458764;0.249420286;0.434953779;164.0032801;12.54033013;1.555392488;23.87;1.04
-5.99E-05;0.249422773;-0.147176459;0.009458764;0.249420286;0.434953779;164.0032801;12.54033013;1.555392488;23.87;1.04
0.001420117;0.224280882;-0.182230378;-0.324725926;0.224283135;0.400162873;164.0032801;12.40309365;1.548827907;23.87;1.01
0.001420117;0.224280882;-0.182230378;-0.324725926;0.224283135;0.400162873;164.0032801;12.40309365;1.548827907;23.87;1.01
0.000230266;0.234208478;-0.210652794;-0.218948589;0.234206249;0.406105024;166.0033201;12.46191473;1.546664973;23.87;1.01
0.000230266;0.234208478;-0.210652794;-0.218948589;0.234206249;0.406105024;166.0033201;12.46191473;1.546664973;23.87;1.01
-0.000436291;0.23768708;-0.176295555;-0.064449953;0.237685103;0.425907523;166.0033201;12.47447943;1.548690601;23.87;1.01
-0.000436291;0.23768708;-0.176295555;-0.064449953;0.237685103;0.425907523;166.0033201;12.47447943;1.548690601;23.87;1.01
0.001301631;0.240213797;-0.215877081;0.034139623;0.240214922;0.423537816;166.0033201;12.48703034;1.566054582;23.87;1.01
0.001301631;0.240213797;-0.215877081;0.034139623;0.240214922;0.423537816;166.0033201;12.48703034;1.566054582;23.87;1.01
0.003446677;0.238689987;-0.145126342;-0.216368062;0.238712484;0.448824999;166.0033201;12.48576351;1.566230219;23.87;1.02
0.003446677;0.238689987;-0.145126342;-0.216368062;0.238712484;0.448824999;166.0033201;12.48576351;1.566230219;23.87;1.02
-0.002363253;0.248993455;-0.237165967;-0.143861134;0.24900218;0.435541616;166.0033201;12.53831425;1.545836595;23.87;1.02
-0.002363253;0.248993455;-0.237165967;-0.143861134;0.24900218;0.435541616;166.0033201;12.53831425;1.545836595;23.87;1.02
0.00240623;0.242046934;-0.310903484;-0.182335794;0.242056474;0.426985698;166.0033201;12.49568822;1.557238051;23.87;1.03
0.00240623;0.242046934;-0.310903484;-0.182335794;0.242056474;0.426985698;166.0033201;12.49568822;1.557238051;23.87;1.03
0.001978104;0.247794163;-0.328063966;0.155549877;0.24779958;0.443918406;166.0033201;12.52590122;1.54327555;23.87;1.03
0.001978104;0.247794163;-0.328063966;0.155549877;0.24779958;0.443918406;166.0033201;12.52590122;1.54327555;23.87;1.03
0.001284767;0.262652289;-0.180631074;-0.010926272;0.262652804;0.450871883;164.0032801;12.60868823;1.538784702;23.87;1.02
0.001284767;0.262652289;-0.180631074;-0.010926272;0.262652804;0.450871883;164.0032801;12.60868823;1.538784702;23.87;1.02
-0.00110467;0.243429763;-0.278722591;-0.088817786;0.243429835;0.439499935;164.0032801;12.50040451;1.549858584;23.87;1.02
-0.00110467;0.243429763;-0.278722591;-0.088817786;0.243429835;0.439499935;164.0032801;12.50040451;1.549858584;23.87;1.02
0.001880496;0.233863267;-0.15223255;-0.200439361;0.233868489;0.412779893;166.0033201;12.46353077;1.557565637;23.87;1.02
0.001880496;0.233863267;-0.15223255;-0.200439361;0.233868489;0.412779893;166.0033201;12.46353077;1.557565637;23.87;1.02
0.001105955;0.248796222;-0.186661572;0.256886259;0.248796192;0.448628158;166.0033201;12.53180027;1.566264963;23.87;1.02
0.001105955;0.248796222;-0.186661572;0.256886259;0.248796192;0.448628158;166.0033201;12.53180027;1.566264963;23.87;1.02
-0.001120618;0.241060177;-0.060031634;-0.08595135;0.241060371;0.42614843;166.0033201;12.50359349;1.565988861;23.87;1.02
-0.001120618;0.241060177;-0.060031634;-0.08595135;0.241060371;0.42614843;166.0033201;12.50359349;1.565988861;23.87;1.02
0.00286137;0.253466144;-0.213655929;-0.180129539;0.25347976;0.441841843;164.0032801;12.56349075;1.541234591;23.87;1.02
0.00286137;0.253466144;-0.213655929;-0.180129539;0.25347976;0.441841843;164.0032801;12.56349075;1.541234591;23.87;1.02
-0.000777278;0.236414505;-0.117949751;-0.227487775;0.236413418;0.430422443;164.0032801;12.47638065;1.538544648;23.87;1.02
-0.000777278;0.236414505;-0.117949751;-0.227487775;0.236413418;0.430422443;164.0032801;12.47638065;1.538544648;23.87;1.02
0.000429665;0.258773238;-0.087991098;-0.304771031;0.258771007;0.449874131;164.0032801;12.59614559;1.546953818;23.87;1.02
0.000429665;0.258773238;-0.087991098;-0.304771031;0.258771007;0.449874131;164.0032801;12.59614559;1.546953818;23.87;1.02
0.003163129;0.695908392;-0.28927985;-0.907559235;0.695908621;0.92156182;6.000120002;12.89840956;1.22216046;24.06;0.56
0.003163129;0.695908392;-0.28927985;-0.907559235;0.695908621;0.92156182;6.000120002;12.89840956;1.22216046;24.06;0.56
-0.018104327;0.543275799;0.293372647;-0.356733398;0.543571944;0.777522587;6.000120002;13.21280022;1.231867439;24.06;0.56
-0.018104327;0.543275799;0.293372647;-0.356733398;0.543571944;0.777522587;6.000120002;13.21280022;1.231867439;24.06;0.56
0.034009413;0.519985659;0.024097292;-0.317547056;0.521091468;0.721184964;6.000120002;13.32019186;1.269543034;24.06;0.56
0.034009413;0.519985659;0.024097292;-0.317547056;0.521091468;0.721184964;6.000120002;13.32019186;1.269543034;24.06;0.56
0.005567868;0.678905317;-0.057723154;-0.628577821;0.67892136;0.78621541;6.000120002;12.57834049;1.199854268;24.06;0.56
0.005567868;0.678905317;-0.057723154;-0.628577821;0.67892136;0.78621541;6.000120002;12.57834049;1.199854268;24.06;0.56
0.013508009;0.528428583;0.15956625;-0.083737486;0.528595922;0.839313757;30.00060001;13.21557868;1.233369825;24.06;0.56
0.013508009;0.528428583;0.15956625;-0.083737486;0.528595922;0.839313757;30.00060001;13.21557868;1.233369825;24.06;0.56
-0.01321457;0.502711046;-0.085155101;-0.383302301;0.502879673;0.760627789;8.000160003;13.34857388;1.217446194;24.06;0.56
-0.01321457;0.502711046;-0.085155101;-0.383302301;0.502879673;0.760627789;8.000160003;13.34857388;1.217446194;24.06;0.56
-0.001254969;0.621359835;0.062181498;-0.846026752;0.621354889;0.874088466;8.000160003;13.32359717;1.20573312;24.06;0.56
-0.001254969;0.621359835;0.062181498;-0.846026752;0.621354889;0.874088466;8.000160003;13.32359717;1.20573312;24.06;0.56
0.013581806;0.535236305;-0.035591921;-0.549958571;0.535403248;0.676039522;8.000160003;13.36357314;1.237536012;24.06;0.56
0.013581806;0.535236305;-0.035591921;-0.549958571;0.535403248;0.676039522;8.000160003;13.36357314;1.237536012;24.06;0.56
-0.018273999;0.638267288;-0.068405297;-0.761030674;0.638522452;0.866396505;30.00060001;13.25801907;1.204802231;24.06;0.56
-0.018273999;0.638267288;-0.068405297;-0.761030674;0.638522452;0.866396505;30.00060001;13.25801907;1.204802231;24.06;0.56
0.023984189;0.541421975;-0.152286655;-0.4036039;0.541947537;0.813498121;6.000120002;13.16381118;1.203459561;24.06;0.56
0.023984189;0.541421975;-0.152286655;-0.4036039;0.541947537;0.813498121;6.000120002;13.16381118;1.203459561;24.06;0.56
-0.014799066;0.517026692;0.138560371;-0.360337514;0.51723328;0.840067485;34.00068001;13.2905185;1.236963558;24.07;0.55
-0.014799066;0.517026692;0.138560371;-0.360337514;0.51723328;0.840067485;34.00068001;13.2905185;1.236963558;24.07;0.55
0.018110177;0.394150874;-0.037811625;-0.104189766;0.394562774;0.765312519;6.000120002;13.08100534;1.225916239;24.07;0.55
0.018110177;0.394150874;-0.037811625;-0.104189766;0.394562774;0.765312519;6.000120002;13.08100534;1.225916239;24.07;0.55
0.007376462;0.496439924;-0.082747681;-0.298916939;0.496489759;0.72985425;6.000120002;13.28272556;1.188181399;24.07;0.57
0.007376462;0.496439924;-0.082747681;-0.298916939;0.496489759;0.72985425;6.000120002;13.28272556;1.188181399;24.07;0.57
0.000772486;0.402840597;0.172907396;-0.12017167;0.402837309;0.724975736;32.00064001;13.12495032;1.223362322;24.07;0.57
0.000772486;0.402840597;0.172907396;-0.12017167;0.402837309;0.724975736;32.00064001;13.12495032;1.223362322;24.07;0.57
0.010728346;0.598110547;-0.15534676;-0.666879142;0.598200777;0.869172075;6.000120002;13.22062657;1.213343429;24.07;0.56
0.010728346;0.598110547;-0.15534676;-0.666879142;0.598200777;0.869172075;6.000120002;13.22062657;1.213343429;24.07;0.56
-0.03362546;0.537942778;-0.030454187;-0.218296707;0.538987306;0.719999798;8.000160003;13.17188815;1.226362757;24.07;0.56
-0.03362546;0.537942778;-0.030454187;-0.218296707;0.538987306;0.719999798;8.000160003;13.17188815;1.226362757;24.07;0.56
0.010996153;0.506353261;-0.190217819;-0.511640135;0.506467583;0.750187328;6.000120002;13.32509305;1.261519639;24.07;0.54
0.010996153;0.506353261;-0.190217819;-0.511640135;0.506467583;0.750187328;6.000120002;13.32509305;1.261519639;24.07;0.54
0.006884082;0.432708989;-0.143612331;-0.099355619;0.432759419;0.779757066;30.00060001;13.19849965;1.231099817;24.07;0.54
0.006884082;0.432708989;-0.143612331;-0.099355619;0.432759419;0.779757066;30.00060001;13.19849965;1.231099817;24.07;0.54
0.018194975;0.520373408;0.001900324;-0.628116407;0.520686206;0.808397684;32.00064001;13.42917141;1.209873777;24.07;0.54
0.018194975;0.520373408;0.001900324;-0.628116407;0.520686206;0.808397684;32.00064001;13.42917141;1.209873777;24.07;0.54
-0.00591152;0.4859421;0.042894545;-0.369457341;0.485973197;0.840245106;6.000120002;13.31534293;1.254610805;24.07;0.54
-0.00591152;0.4859421;0.042894545;-0.369457341;0.485973197;0.840245106;6.000120002;13.31534293;1.254610805;24.07;0.54
0.023277263;0.546882896;-0.158969913;-0.578905714;0.547372589;0.895852507;30.00060001;13.39126869;1.225136109;24.07;0.57
0.023277263;0.546882896;-0.158969913;-0.578905714;0.547372589;0.895852507;30.00060001;13.39126869;1.225136109;24.07;0.57
-0.033204599;0.487722131;-0.341712242;-0.16361638;0.488846258;0.777734102;6.000120002;13.20949222;1.236008859;24.07;0.57
-0.033204599;0.487722131;-0.341712242;-0.16361638;0.488846258;0.777734102;6.000120002;13.20949222;1.236008859;24.07;0.57
0.012206423;0.426570759;0.05685182;-0.535738296;0.426741104;0.722273292;8.000160003;13.1919444;1.238353438;24.08;0.56
0.012206423;0.426570759;0.05685182;-0.535738296;0.426741104;0.722273292;8.000160003;13.1919444;1.238353438;24.08;0.56
-0.009664753;0.501740914;0.157826177;-0.347291326;0.501828972;0.797310466;8.000160003;13.34024445;1.23127899;24.08;0.56
-0.009664753;0.501740914;0.157826177;-0.347291326;0.501828972;0.797310466;8.000160003;13.34024445;1.23127899;24.08;0.56
0.018706422;0.45008557;-0.306740475;-0.001503696;0.450469642;0.697221936;8.000160003;13.20795021;1.216599809;24.08;0.56
0.018706422;0.45008557;-0.306740475;-0.001503696;0.450469642;0.697221936;8.000160003;13.20795021;1.216599809;24.08;0.56
-0.042969547;0.591305429;0.175758168;-0.406374558;0.592858752;0.881564963;6.000120002;13.1491868;1.191255591;24.08;0.56
-0.042969547;0.591305429;0.175758168;-0.406374558;0.592858752;0.881564963;6.000120002;13.1491868;1.191255591;24.08;0.56
0.042203753;0.60432213;-0.065138563;-0.586280885;0.605787991;0.826266514;30.00060001;13.21494973;1.198475935;24.08;0.54
0.042203753;0.60432213;-0.065138563;-0.586280885;0.605787991;0.826266514;30.00060001;13.21494973;1.198475935;24.08;0.54
-0.013844672;0.540811968;0.125044438;-0.681150993;0.540983742;0.856960469;8.000160003;13.40916384;1.202049656;24.08;0.54
-0.013844672;0.540811968;0.125044438;-0.681150993;0.540983742;0.856960469;8.000160003;13.40916384;1.202049656;24.08;0.54
-0.00608986;0.635337503;0.038904862;-0.578501812;0.635360335;0.888433514;6.000120002;12.93111233;1.229357114;24.08;0.55
-0.00608986;0.635337503;0.038904862;-0.578501812;0.635360335;0.888433514;6.000120002;12.93111233;1.229357114;24.08;0.55
-0.009885653;0.54463507;0.17387694;-0.188340386;0.544719334;0.735949072;6.000120002;13.18372437;1.20327069;24.08;0.55
-0.009885653;0.54463507;0.17387694;-0.188340386;0.544719334;0.735949072;6.000120002;13.18372437;1.20327069;24.08;0.55
0.001376228;0.618821238;-0.022501845;-0.688887951;0.61881658;0.83236908;6.000120002;13.21441677;1.228602189;24.09;0.55
0.001376228;0.618821238;-0.022501845;-0.688887951;0.61881658;0.83236908;6.000120002;13.21441677;1.228602189;24.09;0.55
0.019845696;0.462387181;-0.172720424;-0.433005446;0.462808254;0.785833937;6.000120002;13.30661717;1.21979034;24.09;0.55
0.019845696;0.462387181;-0.172720424;-0.433005446;0.462808254;0.785833937;6.000120002;13.30661717;1.21979034;24.09;0.55
-0.005967676;0.518205537;0.055348879;-0.545086942;0.518234716;0.761105765;8.000160003;13.42815445;1.20519622;24.09;0.55
-0.005967676;0.518205537;0.055348879;-0.545086942;0.518234716;0.761105765;8.000160003;13.42815445;1.20519622;24.09;0.55
0.014597076;0.426726568;-0.120338856;0.142570106;0.426971891;0.684840689;6.000120002;13.14628237;1.218763647;24.09;0.55
0.014597076;0.426726568;-0.120338856;0.142570106;0.426971891;0.684840689;6.000120002;13.14628237;1.218763647;24.09;0.55
-0.018491012;0.45297963;-0.112849493;-0.218791739;0.453352356;0.739617644;30.00060001;13.27277599;1.23336549;24.09;0.55
-0.018491012;0.45297963;-0.112849493;-0.218791739;0.453352356;0.739617644;30.00060001;13.27277599;1.23336549;24.09;0.55
-0.028331272;0.589240514;-0.269977751;-0.578507727;0.589915333;0.73460004;6.000120002;13.2493477;1.251653602;24.09;0.55
-0.028331272;0.589240514;-0.269977751;-0.578507727;0.589915333;0.73460004;6.000120002;13.2493477;1.251653602;24.09;0.55
0.039298452;0.582319595;-0.108747599;-0.577057894;0.583638327;0.848881046;30.00060001;13.30524549;1.19838356;24.09;0.55
0.039298452;0.582319595;-0.108747599;-0.577057894;0.583638327;0.848881046;30.00060001;13.30524549;1.19838356;24.09;0.55
0.004152806;0.614558025;0.280681576;-0.704457782;0.61456591;0.808682626;30.00060001;13.15503036;1.215937764;24.09;0.55
0.004152806;0.614558025;0.280681576;-0.704457782;0.61456591;0.808682626;30.00060001;13.15503036;1.215937764;24.09;0.55
0.008760774;0.646684612;-0.089131541;-0.723078302;0.646737485;0.859393309;8.000160003;13.13527521;1.231595881;24.09;0.56
0.008760774;0.646684612;-0.089131541;-0.723078302;0.646737485;0.859393309;8.000160003;13.13527521;1.231595881;24.09;0.56
-0.018517133;0.470532002;0.04160558;-0.411437494;0.470891518;0.792431231;6.000120002;13.30129329;1.237913129;24.09;0.56
-0.018517133;0.470532002;0.04160558;-0.411437494;0.470891518;0.792431231;6.000120002;13.30129329;1.237913129;24.09;0.56
-0.003061779;0.573999522;0.24975002;-0.616601111;0.574001948;0.865443802;30.00060001;13.32812432;1.223458969;24.09;0.56
-0.003061779;0.573999522;0.24975002;-0.616601111;0.574001948;0.865443802;30.00060001;13.32812432;1.223458969;24.09;0.56
0.02327799;0.462067882;-0.013889176;-0.34528436;0.462649244;0.712765457;32.00064001;13.30891686;1.229784473;24.09;0.56
0.02327799;0.462067882;-0.013889176;-0.34528436;0.462649244;0.712765457;32.00064001;13.30891686;1.229784473;24.09;0.56
-0.044001309;0.480589705;0.344545208;-0.015971918;0.482595028;0.782986716;8.000160003;13.23403065;1.231591118;24.09;0.56
-0.044001309;0.480589705;0.344545208;-0.015971918;0.482595028;0.782986716;8.000160003;13.23403065;1.231591118;24.09;0.56
-0.006452124;0.589027365;0.137738904;-0.759355708;0.589056812;0.836965099;6.000120002;13.40272259;1.231167896;24.09;0.56
-0.006452124;0.589027365;0.137738904;-0.759355708;0.589056812;0.836965099;6.000120002;13.40272259;1.231167896;24.09;0.56
0.010961091;0.519648277;-0.029821656;-0.201139989;0.519758671;0.751266158;24.00048001;13.24036852;1.214394442;24.1;0.56
0.010961091;0.519648277;-0.029821656;-0.201139989;0.519758671;0.751266158;24.00048001;13.24036852;1.214394442;24.1;0.56
0.013795448;0.656374911;-0.12562847;-0.971772709;0.656513306;0.791431179;6.000120002;13.30791199;1.198824442;24.1;0.56
0.013795448;0.656374911;-0.12562847;-0.971772709;0.656513306;0.791431179;6.000120002;13.30791199;1.198824442;24.1;0.56
-0.001503421;0.617841544;0.259485791;-0.797344119;0.617837195;0.844512845;6.000120002;13.32595909;1.26013248;24.1;0.56
-0.001503421;0.617841544;0.259485791;-0.797344119;0.617837195;0.844512845;6.000120002;13.32595909;1.26013248;24.1;0.56
0.020623603;0.458015452;0.135060786;-0.499569773;0.458474963;0.819037248;8.000160003;13.28468202;1.220258608;24.1;0.56
0.020623603;0.458015452;0.135060786;-0.499569773;0.458474963;0.819037248;8.000160003;13.28468202;1.220258608;24.1;0.56
-0.001067503;0.628883301;0.098332072;-0.610438714;0.628877918;0.845105916;6.000120002;12.99844669;1.174422727;24.1;0.56
-0.001067503;0.628883301;0.098332072;-0.610438714;0.628877918;0.845105916;6.000120002;12.99844669;1.174422727;24.1;0.56
-0.050864036;0.558909151;-0.025526603;-0.160860287;0.561213277;0.828625306;6.000120002;13.04202103;1.196794675;24.1;0.56
-0.050864036;0.558909151;-0.025526603;-0.160860287;0.561213277;0.828625306;6.000120002;13.04202103;1.196794675;24.1;0.56
